Realized_Delta_BOF,SCR_Values
140624.03143451600,-159805.878066123
148740.8875457460,-159974.69015530300
146156.7946051550,-159852.6239395570
143472.75647428700,-158526.4372640430
140659.07499658800,-158405.1130614110
137986.79752264300,-158297.47648088900
138454.94483721500,-158013.28204483500
136223.04731919700,-157887.30626676400
135881.31691249600,-157702.73541648200
134213.87576534100,-157283.93956718300
133007.04513086800,-157182.0988902380
133729.37115997700,-157129.40330484000
131978.5885376210,-156993.38035833100
131587.26601040600,-156949.59242561400
129352.22372150600,-156785.0854524630
128977.62078410700,-156709.52861167400
133096.38707107500,-156795.3758446660
132063.9357269550,-155600.3539442140
127478.52182527800,-156096.55802706600
125455.6115094710,-154989.00649819200
129262.61719838000,-155054.7841350910
127419.58112172800,-155018.35695052100
122946.30368236900,-154929.58566707800
123114.92987332400,-154908.9898521340
127075.83454074800,-154939.10020682800
129262.52071625200,-154946.37362962100
129766.2279458820,-154904.30681333400
129247.5823822220,-154853.03700916900
131333.51514519400,-154797.25889375000
131949.84628506100,-154744.9784302500
130967.55876614600,-154676.21921511600
132347.84151878800,-154633.87591759200
134176.62781683600,-154746.94762914500
134417.90613034700,-154746.7595010110
135353.94676031600,-154814.9204380960
135538.3658309470,-153661.0693853720
134835.11131663700,-153626.54948493300
132246.85948626900,-153553.3959642470
127003.50529915300,-153693.50063641900
121060.54825018100,-153716.58273485400
117826.83427507400,-153699.3284109980
101222.26179042300,-153594.93901308000
95394.82267530440,-153552.5440497590
99631.45439053640,-153424.41964819500
98048.50051703000,-153301.52343146700
108017.45959251700,-153323.3262799560
98946.25446416230,-153186.96305677000
90999.0764908368,-153130.4036110620
63588.99989511040,-152669.5567571890
62089.66429613220,-152624.29297294400
51915.64573713810,-152536.55924125300
12224.979421393900,-152426.1656376610
16471.85133961860,-152432.29749414900
-18642.325633052900,-152402.7506754250
-22376.811424600500,-152238.62770628800
-47402.09390215790,-152137.3583577310
-41155.922261344700,-152692.0946608710
-40931.127943685000,-152537.25251383000
-53893.80933985320,-153618.45325000800
-31671.565710266200,-153669.63362474100
-24794.516010838400,-153642.6692588680
-8624.272861700270,-153646.14990756100
-12804.455900584100,-153551.11684446700
-5581.083938617730,-153599.35102102200
-6654.266041543100,-153535.0936574040
-16224.693391765100,-153489.39620481200
-12623.164810339500,-153518.62662750200
-14651.199429901900,-153514.19099942000
-4252.683280728530,-153385.74517479900
-2836.1557958819900,-155733.43225826600
5629.123402619150,-155826.01053819900
16476.96175719040,-156495.99029640100
22103.48672149380,-157412.05228518200
18876.301166968900,-156570.57794907300
17809.730330952300,-156391.91086972800
23432.746710066900,-156372.25350590100
15803.000740865100,-156201.8127697030
7129.291860081490,-155712.01674189500
7971.642429245400,-155624.6146643790
12447.699105906100,-155631.18925570800
16105.710138334200,-155617.23458355200
21000.78770816520,-155677.06198226000
22313.148939430600,-155603.9261056810
30083.056311117700,-155635.02651127100
30002.909086045700,-153479.35583414600
21454.32092102910,-153546.0494459810
28425.655264873100,-153683.30201641400
23867.214984713600,-155805.9173971540
33037.50427024240,-153823.5285837270
33478.463614485900,-155921.6940330340
29402.625566785600,-155782.66766811400
22927.42137811690,-155672.43003074100
20350.125818162800,-157534.07438377100
21050.13267245420,-157646.25200280600
20504.14368551980,-157609.09942598200
28582.735847305300,-157600.38607903300
30683.970982086600,-157643.5193408780
33653.443209872500,-159061.4526551740
33594.990909582900,-158882.90877542200
36096.02559600430,-158895.47881136800
39377.688825937500,-158902.14494767300
41661.44851750320,-158888.5695307840
46596.284663930500,-158792.17709066700
48497.16593611420,-158730.2715420110
44922.97489207720,-158658.03263209600
43697.68980700480,-158559.92041487800
48535.825759026800,-158562.07704774600
48796.807576887800,-158488.85336096900
45661.39866281830,-158540.5053783730
53118.60514293060,-158452.17043303100
58129.943246493100,-157649.8154426520
51106.27972246650,-157257.67901005500
48591.387461593700,-157174.85927459200
37160.427466371400,-157170.40046133000
34621.418286661700,-156413.3461749230
35383.81204795470,-156432.92749533400
41504.21559578290,-156279.00531213900
45355.835173456500,-157259.02546154000
45948.981339875400,-156891.01886617400
45991.196595877500,-156882.42861316300
47979.63550769550,-156998.72091087100
45764.03031874840,-156926.59246792100
37601.78521095300,-156299.44121674500
35370.02943347830,-156117.33203571700
30119.716848735700,-155985.42864468000
24820.94109094920,-155750.86168212700
27076.024972306600,-155700.12092384200
30065.543186456700,-155971.68777373100
35951.797491808000,-155976.26818025100
35727.93252516610,-156008.89874016800
41334.99041463560,-156098.53802652400
41251.506806688600,-156217.2377484060
41787.73177447140,-156232.5065830510
39800.39713853440,-156098.02529890600
41964.663957212000,-156105.34985452400
38347.11107688070,-154587.3633452240
39266.30862733260,-154505.9769129100
42357.851744427,-154512.76811397100
41214.88172729550,-154276.25098809500
38171.01170467140,-154168.7936714780
38999.96758983790,-154001.63571139100
42751.50509361220,-153705.53978183100
42354.27727566090,-153673.5424132840
39644.585576583200,-152108.72066377300
38086.2771426182,-152201.25299212100
37233.10072672580,-152140.9358157860
36898.09291169800,-152005.51755776100
41044.46717852080,-152073.48390827700
46229.98376522230,-154100.36061972500
44397.12207159230,-154001.7575798620
44010.953687925100,-153267.37450968600
45957.79703592520,-153274.24860408000
48564.87092195490,-153494.59863811100
50683.52632644700,-153361.77898478700
48614.62018183610,-153283.47765552200
51864.64439869980,-153155.56232375800
45811.90504889450,-152294.42369811800
44931.92916926300,-151603.31837337400
40928.40351931790,-151627.50801123500
39464.97091404340,-151551.40091426800
38532.45868137050,-151450.93146929200
38617.51780789940,-155272.6705253170
40687.097082174600,-152808.2274965400
43088.65995991520,-152787.07706633300
40497.75873309990,-152576.1924757890
39300.41949391370,-153909.93438625000
35203.646416276300,-153890.7132359970
35520.800697034200,-153800.33732337600
33350.131240874300,-152377.2287129560
33005.511531099100,-152284.565795613
31268.786755519700,-152299.38586847200
36038.45804876350,-152433.3591570980
41741.922235089900,-152277.9127707620
41538.631512916100,-154954.05661802600
36559.532713033700,-155080.3662049620
36048.18850212640,-154932.01504577400
32150.115816839300,-154920.3903182970
38084.656323821300,-155370.25521606800
38221.946220257800,-155280.95255432100
40165.64310952220,-155308.74057926600
39171.0285847669,-155172.46668595700
37847.10416966960,-155133.31752809400
33019.30154457600,-155060.01314544500
27081.322998343600,-155273.7689761480
28255.683646141100,-155203.4777477910
25468.185260815700,-154308.77380505000
22265.304335006700,-153734.9120098750
25308.463755533300,-153779.4552306520
28704.05682706510,-153686.81579305700
29767.62736756080,-152413.98564248200
36714.58160739260,-152822.69807988300
36601.597050411000,-152680.6321648370
32865.55816472090,-152592.23169163900
35782.66564458000,-154028.9926594120
37597.47628142480,-152687.1621047940
38935.209231416300,-154137.24754079400
45404.970924445200,-155285.3302751110
44260.314779337500,-155194.8164453020
47418.551962888900,-155156.68412440300
46163.1284985824,-155084.1879407350
45697.62916886340,-154872.98627405700
44337.868377946100,-154840.00427269800
45173.34943135890,-154901.72496991400
43169.75878886410,-154479.0775166270
40322.36380669650,-154346.62214505800
36051.65429526850,-154280.63910310900
34676.82790972190,-154237.5658027370
37063.69362348200,-154289.31657110300
34466.81034780590,-154350.0405441900
33661.568905540600,-154297.6383125470
24060.73536456030,-154273.94816960000
25764.111311459200,-154088.9544822580
23902.601148148500,-154120.3194458730
27462.137578605600,-154152.68101093700
31690.873293884400,-154069.87186723700
39801.86183540710,-153985.59254658200
46378.04197272660,-154236.6873533380
44655.406508287800,-154217.2821791050
48855.69262606460,-154276.19540585100
48901.20053365970,-154212.5846022660
52634.56301375850,-154118.82780786200
50177.54976718860,-154028.49571133200
50841.382994151700,-153977.62466361300
53735.653397405100,-153905.5524569970
54324.42417207400,-153901.4692132210
54540.964922505000,-153891.29232665700
57907.22004924890,-154159.5647963330
55727.25646229720,-154336.15563311800
53307.742334524600,-154200.06241237500
53475.40482888270,-154068.0360231870
53068.97589918990,-154039.64763746400
53857.4183136659,-154054.68856413100
55416.13192812820,-155143.5250948290
60350.889867480100,-154634.85407492700
56971.130451406900,-154488.3472887070
56140.29176862760,-154491.5720878940
58682.69445363010,-154570.31616610300
56826.8556189806,-154440.8685139960
57475.93006293030,-154377.34424652300
59714.51523525130,-154369.04184188600
56423.70722756200,-154272.56925830500
59089.02839536870,-154171.70134145200
55778.25505452740,-153964.05383544200
53793.89732740110,-153942.17476190500
55321.90725853020,-153922.23764959000
56917.87698823980,-154023.63083989000
57495.738705677800,-154143.22071545800
53379.00545072820,-154058.96696727800
51035.40033087020,-153957.9859820050
52689.412507228800,-153919.06631047100
50687.5033145108,-153783.73575721800
56174.17380264930,-154088.29367027100
58142.20861011880,-155796.68795392900
56249.582264435600,-155865.60025825800
52787.804064724600,-155748.45811445000
55872.3773220405,-155816.81959567600
53389.77796325810,-155805.37284081000
54605.08228181420,-155579.46365794000
52021.32372164050,-155571.89859929500
53372.55524383230,-155875.25042968900
55995.08309789890,-155935.90606336800
52954.729796860100,-155868.2098633030
49817.30317342320,-155790.94265554400
52061.5552026931,-155727.20675252500
50971.16787378820,-154870.89761648700
48852.34612470000,-154844.9491419400
47716.01594600820,-154768.86522025900
47392.41019530300,-154704.6290816020
48064.842011391900,-153249.88395447800
43218.787127928900,-153170.76632162500
43329.623139016800,-153168.19023396100
45009.82182400100,-153137.8187981180
42462.730958452600,-154370.24286263600
40481.948396864,-154347.67775224900
42362.012084191300,-154687.80170208600
36431.1013090068,-154935.55313130500
39040.14490874780,-154868.42737790400
40691.36503973180,-154830.6270744420
39040.87873905390,-154745.59672825900
39837.68385718090,-154667.83190732100
36883.5281522288,-154540.95163331000
37341.42747365080,-154529.11653256
35872.75307736630,-154644.43273437300
33483.77961410550,-154548.81757000100
32652.419054598000,-154459.52723935800
31258.96514351180,-154435.69291008700
31467.928297008900,-154432.27518930300
27372.75429331400,-154331.66992977200
28195.270439603900,-154317.91139416100
26062.381331495500,-154366.80085018600
30902.17371515630,-155151.6671421230
36130.62438595690,-155370.60590181000
37776.78786081430,-155503.61191127500
51698.962855102100,-157171.46574023600
48819.44804511920,-157276.30533420000
44709.64170798150,-157222.32926781200
52944.11926107910,-156875.59564133600
43180.54269605290,-156733.04368852300
44450.28072043650,-157001.77230641200
49375.67763866410,-154724.52451519200
76776.25331045150,-155836.41085357000
77900.7890527451,-157307.4078816120
90367.37716978930,-158117.82383098200
133125.34233262800,-164526.40343373900
131920.06626428300,-163477.06914791000
170179.15043233100,-167420.32179539800
173991.32044069900,-167787.06719453800
206057.84188749100,-166925.080821659
196361.04801816100,-165979.45890427400
188154.19234412200,-168313.83396132000
203735.35767552900,-168542.08785490700
178230.97795942800,-169199.704047056
170441.7866244660,-169158.6199526480
150550.55565345100,-169897.62749892600
154981.13786818900,-165295.60631192200
149242.64704307200,-164964.67197907300
148007.7633135930,-164975.87772711000
158700.35977998100,-165800.51877652100
156225.60202826,-165744.53875891700
165634.94541604300,-165934.77773414100
151843.53396234400,-168974.29192080500
150530.40421557000,-169011.2493045330
145199.11072291000,-168791.7654291170
132023.43216888400,-169590.7958402890
124692.65003411000,-169383.7017235190
131066.2927926600,-169432.15784373100
127516.86414236800,-169365.77485886400
125148.48984305600,-169263.18103518400
130420.28933654900,-169473.5578304190
138673.9746595140,-170466.1773150200
134166.43151631900,-170664.14557021700
130315.60553665600,-170599.83585858400
127661.15952360300,-170468.9873193450
122915.51547581000,-170034.4981104390
120784.89974353600,-169915.83118224400
112406.14781779400,-169800.13610090900
112672.38023228000,-169623.83322694800
122372.87500609700,-169990.526332266
116363.5411065750,-169899.26950955400
122662.7865778260,-170333.56400444300
115828.10840357200,-170187.73456766900
114072.71617998700,-170152.9903198920
116409.76636089200,-170281.29374581600
120588.64465272300,-170483.25817018500
123227.68738594500,-170508.10953806900
117867.95064494800,-170627.2313248990
112862.89675614400,-170631.8613106800
105112.75576736300,-170485.4762833030
108391.96230354500,-170471.98163064200
103301.31683375100,-170276.87641537900
102333.04024015600,-170328.8765467570
97771.34199377240,-170248.33135340400
99566.78814172080,-170160.83178701500
98166.60445437850,-169521.46465048900
96127.53455365990,-169370.75563850200
95506.6135928121,-169298.1702585160
98664.10351563550,-169251.55466094600
96829.14814402440,-169235.56934937700
93786.77402236920,-169124.7433457500
88845.88555533330,-169055.91151585700
92749.86722136160,-169289.53724021500
85810.58713313200,-169181.59716452400
80984.20058773750,-168666.61637356900
88961.56993780630,-169270.11033170400
90188.2062616736,-169337.03279449600
104815.15794796000,-165924.82126179900
101684.09936781100,-165859.9851289390
102197.96383949400,-165853.85613747400
95867.86087356480,-165717.496172296
94531.31452664880,-164710.18226211500
92499.20137895640,-164689.9206931270
91863.35061195910,-165618.9836868510
93876.17125510160,-165534.4922472440
93877.23984106080,-165261.17324022200
99814.38719357970,-165444.0806659690
98780.01403594150,-165388.42137162400
100262.13818056400,-165488.12585498200
102015.67173369800,-165491.1063554060
96608.12303718490,-165427.89458014300
98669.90349510660,-164273.665976263
92834.82455845170,-165466.85135469400
95126.42916455210,-165492.22026152200
91917.54941876450,-163997.33731261500
97984.76154061590,-164067.1924040130
97309.98055930530,-164055.55780386600
100667.87318291100,-164045.57546297000
101710.36642795700,-163995.80619550500
101186.20804790900,-163808.12635611600
100829.85534378700,-163925.19289417700
100816.57591149900,-163858.212134333
100640.57641157600,-163854.1827108190
100970.00980413900,-163890.3822064890
96053.92709443820,-163782.2410355150
94383.74209626960,-164684.47395780400
90811.19469159670,-164596.8319799710
96364.35285592640,-164615.74810874600
102102.85627144900,-164802.65819785300
105775.83405554600,-164789.56070818500
106449.27002900100,-164751.50093960100
104002.8858182460,-163282.1439091870
105007.65972172500,-163347.5219972410
105811.92542950000,-163374.10882253300
102994.20639661500,-163291.48458521000
98794.64939478450,-163174.14119971500
101842.16047444100,-163262.44466106000
101104.07703338000,-163203.39595741
101050.60691785100,-163205.92223022900
102075.02856601000,-163152.25713404000
102864.4202450350,-163304.28372502500
100916.64968503500,-163095.67822996300
104958.97074173000,-163519.46911721500
106194.42446288900,-163368.10256711900
105704.87124036100,-163291.1269354310
108361.09604052400,-163173.4432633210
109166.17817279900,-164463.6081753820
104575.84612526700,-164359.71657137700
102476.4826920350,-164331.00215056000
99646.72031988790,-164294.41113487200
104899.65427374000,-164548.3387391580
102047.4516551250,-164508.07651235700
103694.39586545000,-164628.52066736800
100928.61604766900,-163169.83097864500
101109.90741230100,-163224.02376271300
101618.85243102000,-163136.5497191490
94759.02587275080,-162963.71877157300
96419.48255616620,-163084.9900015220
103374.20889662900,-163419.72756248900
101088.98802224600,-163398.6734897750
103624.58283571500,-164261.6005017620
102265.0018817350,-164325.24341910500
96515.71264529430,-164095.6547405640
93351.85229000860,-164052.20595088900
94186.32306340790,-164119.34387725500
91573.62445534780,-163411.56765821300
97204.82069644440,-163634.08433914300
100649.96110968200,-163594.7985800640
97809.41206167270,-163562.8898925560
102464.60979939200,-163816.09758026400
100469.64997877600,-163766.00671727500
94723.49031962800,-163708.18858344900
91252.22023390460,-163582.80592082300
95085.77623649690,-163655.63217664200
93875.00360180020,-163666.79548499600
88945.43669321250,-163198.0885259260
89496.6561155488,-163238.20514294800
79065.20667461290,-163186.19053799200
80267.22144734710,-163588.25845703000
76623.09952391500,-163139.3653780270
76020.4689134442,-163047.43888520400
70677.43956851510,-162960.3476795440
67601.38907782610,-162829.23505183700
66193.45757147690,-163116.47590375500
69625.86607340970,-163134.3334745760
68338.10361317530,-162524.82601786200
67608.76251102480,-162566.2387432350
70628.69017874160,-162761.45781608200
75080.67057830920,-162860.79667358300
84065.7976592494,-162859.12114277700
86081.59911590690,-162939.88983879300
84252.87180152400,-162678.4251456930
87453.55931554190,-162800.510584636
88129.24806262840,-162744.69169512100
96732.53326617660,-163291.45400761000
94189.79092672040,-163213.12632349200
98011.68527582920,-163322.6332967200
95509.20463375220,-163218.14266108500
94465.18924200420,-163119.58996836000
83388.19316130780,-162842.31561362400
77153.98557665160,-162783.07843201800
78383.18427748840,-162880.61543971000
78775.64830566400,-162485.679164735
78945.96235956570,-162466.30302433400
79543.44132806930,-162882.6767466150
84335.90653137180,-162677.74411524600
80590.882471891,-162680.02239697100
78663.52250505700,-162643.05114565100
73791.92247596310,-162387.95534851500
74089.92933010020,-162397.8622546930
75175.8802350302,-162350.05407115800
75244.94923461580,-162319.1335855960
76299.95880664630,-162324.991080428
73175.66143475470,-162278.29955010200
74853.26443684740,-162273.6584838060
77284.42695963160,-161972.03701119600
74011.43589707230,-161959.28611182300
70155.32643547260,-162043.25030406000
73049.54094050420,-162222.91628824500
75531.6644556839,-162235.6395242800
68200.34001552410,-162075.3027867680
68888.74896332230,-162055.43083031700
65745.92743253070,-161965.54757301
61260.164792341100,-161881.74513673800
65523.16022072950,-161456.79041782300
66067.0444480083,-161581.74005193000
68004.27589465950,-161521.4319534740
73851.02128940580,-161596.50905900100
73162.66872466360,-161564.9830364760
72956.32543224160,-161572.97826066000
68280.88615008600,-161285.73792322300
72922.79278242660,-161413.2116007390
73361.29128768570,-161696.78061400400
71833.20853302780,-161591.85366021600
66722.21374155650,-161438.52257171400
66581.87693869610,-161376.29125980400
65910.84698771170,-161281.74002538500
64002.885857667100,-161207.2945549700
66361.63345741180,-161279.08802935200
61578.68101327260,-161218.6033577740
64286.62068872970,-161286.2694945400
63473.50162173660,-161318.26248003300
60993.42291144080,-161402.0074209390
56156.19222408890,-161272.9816041330
50449.840628862300,-161185.37180386300
50891.967954826800,-161195.46539412800
54308.04787335940,-160762.61501208800
52111.719813705300,-161216.89203168000
49464.50230443110,-161175.45688328600
48142.94472969570,-161256.72565091200
48039.2934479214,-161274.72417295400
42045.61293191790,-161205.49360517000
38279.28652686590,-161086.8786774020
42239.53240205000,-161331.735254021
39906.029907826900,-161388.3808697690
34900.90855458750,-161364.27635962300
32889.44753158950,-161345.2862834460
35621.68513606480,-161348.20033093900
37057.58573021440,-161466.18796697600
43966.04613193240,-161746.30875446800
41029.60361637930,-161618.8800821470
38178.470776968600,-161541.29323623400
40557.97555428360,-162509.31880870300
26322.668406409700,-162458.31871196100
19850.278696999500,-162483.98563000400
16457.792372542700,-162334.6151399630
16075.525972770100,-162353.98927753300
23086.28129194610,-162430.66146596100
15951.358751995800,-162498.90040743500
13679.99488303660,-162628.48662409600
11321.10966259600,-162577.98930587100
14154.058673851800,-162726.1359397850
16085.230661647400,-162851.13320972300
17136.547122452500,-163077.37636033700
17993.231346173700,-163638.80503485900
16379.197492867800,-164100.0969658910
14464.18656308300,-164226.14528018600
11720.921067099900,-164274.1186298790
21262.483567360600,-163662.36543516
26767.092518529900,-163470.98360365600
20895.17915849540,-162995.89654660300
27308.721091206900,-163257.06040104100
31549.545623737400,-163495.37083241500
30084.579226095500,-163586.41318106200
29387.023857625700,-162846.3713002540
19589.695528062600,-162939.5745515180
9621.16100489546,-162805.42131014600
10705.693024776600,-162756.46292968100
2440.3604718637700,-162666.40810110800
4968.730582449350,-162881.7471807030
-2692.9264741161600,-162865.57446857500
-1445.8319116944900,-164835.73692396800
7648.012858015140,-164644.11893561400
14597.525577205500,-164831.719588066
18259.14526409750,-164755.85897678600
12172.228741179700,-164789.86451253500
11839.381228311000,-164699.95546630100
9566.123250709380,-163278.90085582500
8359.023069699060,-163220.055304053
6276.810525484620,-163179.25104957900
9052.49127094145,-163293.8677209670
11171.035403868200,-163294.73952490100
8843.630059274850,-163253.3566435520
4127.58556444163,-162900.09277023400
3156.440459917180,-162852.1751448970
6947.449560905340,-162690.2709408990
-989.38134466263,-162683.2774782820
-6392.867331235900,-162761.5854788750
-6866.785949821820,-162808.7296323440
-8677.957479352250,-162782.43533940000
-14103.518138665100,-162863.64030553700
-19002.2434924884,-162740.55436531200
-16216.061930593300,-162796.45348695700
-17626.63445168270,-162881.89789783300
-19917.92265557920,-162822.3824436680
-18519.74161473910,-163001.3661373080
-23838.87636783070,-162980.89303581800
-30612.445428187400,-163026.60569389900
-28713.468981491900,-163371.96727027600
-29885.810772976800,-163446.40240628100
-27965.736292728600,-163171.52328027900
-27334.193905677300,-163282.52189767000
-34103.91613794210,-163335.74503566400
-38204.128282503200,-163284.81046494800
-37222.4803050803,-163550.40691942000
-37072.10362111500,-163128.02990429100
-44735.42834729770,-163107.08078306400
-53827.14591946520,-163127.36166445900
-60191.636442287500,-163190.03872551000
-50209.69508117800,-163518.09075881900
-44256.23238018200,-163835.14445256700
-39963.37839425290,-163830.8167955080
-40849.21665787690,-163733.12054253800
-39072.27419865820,-163787.49368686300
-40792.37584881870,-163812.69013808100
-42348.70965676230,-163934.8345025680
-48040.00921813700,-163821.1530849850
-47964.20899384490,-163766.2523011990
-50141.580334491400,-163685.69368257000
-52823.812439274600,-167839.69473170200
-51723.6386552488,-170072.94991798600
-48651.45857181530,-170602.2969991300
-43437.389256933700,-170544.60931325200
-44720.3235430537,-164943.32060432600
-49482.68673517860,-164929.8770037790
-55438.664003267900,-164399.48487544600
-54720.4401745107,-164590.4043439300
-62001.61221691610,-163001.44285824700
-62748.3486929615,-164457.30017466600
-61663.979426049400,-162933.49821178500
-67929.70381498090,-162847.62456717000
-76576.48251220440,-162833.92414460100
-88251.46343712320,-164231.12440274500
-104391.97030761300,-164285.48201658700
-109274.70778986500,-164366.5883672210
-100927.72513165200,-164402.8391334230
-111371.09543116200,-164310.73241514900
-106597.04503287400,-163380.96800653600
-108669.51393977400,-164381.98841771700
-109133.57876224400,-164320.34715746200
-104205.8869376700,-164384.23399481300
-99855.72252366720,-164319.71157288600
-93254.71514088990,-164455.75277960900
-97480.58124164450,-164898.85889582300
-101180.18487991000,-164888.48593837700
-101141.64848105400,-164705.94887379100
-102579.30688809100,-164668.43226720400
-99481.24585570330,-164505.85293270100
-104335.77744178900,-164521.62051513000
-100429.99751076100,-164388.37483269600
-99666.87698499810,-164266.69138037800
-94956.85100506720,-164445.45166176800
-97483.76180107190,-167890.70360606100
-97760.12262778920,-167956.12515672000
-93337.59013649290,-167991.1883910360
-96212.8018970869,-167902.99075344000
-99169.49036408650,-164598.18968785400
-93793.76703548180,-164594.29218895100
-93758.97903813380,-163388.64478173100
-94040.71041593320,-163692.05828277200
-93036.39421118850,-164307.20306016300
-91200.89663479540,-163417.1753085420
-86265.22710238570,-163341.9117817490
-86586.69814228280,-163978.09072626100
-85428.78133489290,-163986.58951712600
-82553.90649758980,-161470.6274049600
-81830.34822200220,-161474.5972038370
-84314.69528724340,-161478.7898088620
-84553.44767182300,-161376.53716842300
-84778.33322334870,-161339.67438010500
-90722.699486856,-161332.87077788100
-90542.94316405400,-160588.6331140950
-93062.81078370680,-162597.84503514200
-86748.67570491640,-162650.01867553000
-90143.26300068240,-162637.67499345900
-85945.47330943860,-162658.4911257620
-82306.94455116140,-161439.7512848720
-86738.83797022950,-161380.496565814
-94474.43885645700,-162254.25692686100
-91967.59719493020,-162282.6598440520
-94095.38177474330,-162326.74142158800
-94676.87626861790,-162349.37463432600
-91365.18841874410,-162286.65553811400
-100418.15403281900,-162312.48115304700
-104949.14449863500,-162348.7619657330
-105767.45618324000,-161269.7947630750
-108972.99518925100,-165999.66365702500
-116093.24262529600,-165965.51393275200
-115092.9534581410,-165937.93801509800
-113544.97212280400,-162596.93877795200
-115375.81739144000,-163389.0977462200
-113153.30411545200,-163334.8131296000
-113737.16009855800,-163422.27309785500
-112306.23817888700,-163376.56183434900
-105425.47166747800,-163577.55003845300
-114038.42022008500,-163581.81633280000
-116550.2816279260,-163508.0484558870
-117390.29840819500,-163683.43668684700
-122597.67389937600,-163620.61281861600
-122675.64215944500,-163064.1517550760
-130225.73438737500,-162987.96340029000
-129008.12373106200,-163130.11512744500
-134260.09258229100,-163290.70734859800
-137405.99997594000,-163215.70398210600
-146058.05466198700,-163128.034799053
-155057.2293571550,-162955.24033285100
-147500.84088229200,-162773.7841437760
-154186.29888821700,-162934.87254775000
-151215.26680289300,-163197.38103661600
-133971.28614378800,-163104.21980810100
-129110.99745806600,-163132.07574984000
-133917.82318820600,-163232.52573962600
-138916.37570047700,-163096.24142237600
-144433.05925901500,-163267.5790453190
-148204.81640312800,-163321.0141779840
-150732.98654476800,-163371.81253610000
-156707.4099042640,-163347.24554480600
-152051.13202750800,-163368.52052355000
-153123.61245086500,-161994.8736793420
-146174.09793877700,-162019.09163279300
-146654.0720438560,-161917.52704508700
-156606.53502571700,-162551.95959452300
-159651.6446838780,-162537.8136898340
-159066.1890416580,-162558.0830024210
-154396.97243947000,-162633.67476626700
-144271.66611003500,-162417.40389096600
-143446.93256012700,-161702.17431415500
-138095.56650267800,-161683.8223900480
-139158.66780847800,-162383.5758826430
-142696.9530340150,-162337.5327269210
-142121.17710472000,-162182.8796991130
-144916.01772849100,-161654.53450566500
-148594.7404340350,-161369.52321265600
-147752.3293783430,-161416.682251946
-150389.47839191900,-161348.0214964680
-148975.21151158700,-161307.92232067800
-153741.8177498080,-161140.38438581400
-139035.72328941300,-161018.05445131600
-140740.23967362400,-161148.33111049600
-144090.42501346400,-161517.85154863900
-136041.17473416800,-163196.6697230240
-136210.14522733700,-163194.86025768200
-139502.430009919,-163115.92935239800
-137130.214526781,-163158.6255776790
-137216.83033311700,-163111.53533174800
-134454.3195204380,-160906.6046681920
-133011.49639375400,-160817.14426678300
-131667.77500205300,-161539.83797255400
-132753.19012506200,-161891.6858113310
-131356.3608159220,-161983.77223513000
-131820.44251634100,-161958.64199248700
-129794.75948281400,-161970.21481239200
-120545.34548161500,-162000.81072966900
-122083.10216329500,-162000.685029971
-124362.96099386800,-161983.4915279290
-122305.91665455500,-162063.22808017500
-124028.29867424500,-161983.41884306600
-124875.07814439800,-161929.30381727400
-130597.72221380300,-161868.6485916650
-134095.1632276270,-162079.5810990660
-130712.79661709000,-163291.1358702440
-131876.6218238840,-163252.335156454
-139565.22363883000,-162808.08601888300
-148854.3227328350,-162781.48437698300
-149918.91581706400,-162909.25924210000
-155987.48268283300,-161490.6853890700
-147214.9218461880,-161734.3602130700
-151538.7406451500,-161802.64065023100
-153353.4075488240,-161787.54933653500
-157911.12430970900,-161895.77175090200
-160867.42206448500,-161882.71803707800
-154665.13840850000,-162024.77063802300
-158903.62679098000,-161951.57320163600
-152147.4915643710,-161103.56584088200
-151585.86808059000,-162155.80336937400
-142449.91672633900,-162341.06672529600
-139127.7228755890,-162507.40615890800
-139766.10406374700,-162572.36395517400
-133413.1104363910,-163552.1088999410
-130843.94182044900,-163485.83475994400
-129678.43534480800,-167223.07594786200
-125804.06364424800,-163847.1723699340
-123098.22424759000,-163626.4385629790
-116931.43059462300,-164243.01281696100
-120473.61510089400,-163252.94286008600
-122912.05534491000,-163027.3710545400
-118749.35575318700,-163105.52563647700
-114890.99724523100,-163137.89145255200
-113834.0226389920,-163258.3742353310
-113324.99656262400,-163297.2091898080
-113937.87490258900,-164322.5016089760
-119964.03040124700,-164317.99098176900
-119849.95132720300,-164435.87596118300
-118313.88988301100,-164447.34110208800
-106261.3872904330,-164355.68554376200
-102298.14820316400,-162910.20594356500
-100871.45003531600,-163272.08648878500
-98018.27381691760,-163050.41915171800
-99903.69935403040,-163107.40352353500
-106302.7058875970,-163288.6069204680
-103621.99698816500,-163789.4031482380
-99244.29792439830,-163924.4166854650
-98776.31801774460,-163672.6992741170
-101401.28137772800,-163685.46546591000
-106754.7074441980,-163589.35815840000
-104284.12992311500,-163796.60270802400
-103865.06164574200,-163802.6811516840
-109555.78434550700,-163924.98198446300
-106730.00200942700,-163816.78811794400
-100890.66156295400,-163925.02466893700
-107265.68372165700,-164075.76636849500
-111720.81908091100,-163818.20901402300
-116567.65819834700,-163926.6323854300
-127635.3810920320,-162588.3846793790
-126496.03603754700,-163129.60357924200
-118468.09286968700,-163558.33147623800
-118532.83026863000,-163488.1497663360
-112989.93329472500,-163055.83978125200
-106182.24412317400,-163961.67821685100
-113512.25066622000,-164415.90842702500
-108734.14090199500,-165775.66258083300
-106233.9319630280,-164752.94776913400
-103523.71698744200,-165968.9874965700
-98739.206634779,-165000.00176528100
-106421.34196217700,-164873.1232574850
-108432.25280689700,-164707.92735999100
-112868.60337602900,-165335.6204365800
-110303.85764884100,-165477.5705662990
-115244.87484225100,-165518.1101645100
-110896.71755076100,-165676.3389517340
-109515.48495975100,-165712.7628495390
-111926.28682355900,-165857.30494924000
-117625.63352537100,-165821.32489411800
-115703.71855994,-164947.81679676000
-112339.099875569,-165002.51774545900
-106866.63650517600,-164964.81688740900
-104698.94445643700,-164989.58397527000
-109563.51048771400,-164874.34851156100
-103366.83099298900,-165366.59934652100
-95829.76981508480,-166134.43609270700
-97323.97739438210,-166231.240539547
-98116.89043388090,-166309.47430546700
-91376.9425288596,-166465.87546005200
-91245.42445864100,-166509.3051585390
-93902.12069705510,-166437.62650985500
-90368.98692888600,-166376.1726204200
-89048.06937285180,-166713.0169117680
-91051.92559784030,-166567.93105026800
-87883.2124479533,-168522.8960333270
-81171.28527781400,-168447.82498841700
-82241.86644927590,-168543.6902267460
-82583.68112658510,-168291.17090308800
-82678.6333709046,-168746.33079930500
-75844.67971761840,-168691.49045072800
-71085.44217962820,-169267.13399761700
-69413.71892128860,-169579.58239497100
-70166.25452606030,-169335.94492416000
-69965.0583901148,-169270.27696905500
-65050.16410288300,-170032.3460489880
-58415.81166112710,-171982.26915269200
-48362.9493443782,-174779.7300368620
-49936.69210931520,-174666.86116512300
-54339.021697624900,-174551.33620862100
-58898.40745002500,-174179.76267837900
-64353.54660393930,-171408.858876436
-64094.14729081040,-170271.19602806500
-64300.21482587110,-169803.9162370120
-59446.01973380910,-169856.9378368060
-58110.57041817750,-169946.32939066300
-60015.37124576680,-169975.60753522800
-63831.01850181210,-170637.82597095100
-63817.832686179400,-170673.12614404300
-66464.66578011410,-171365.28254205300
-66676.88774961060,-170020.9413924230
-70127.1946122502,-169848.35512780900
-66234.85961196500,-169720.7243659480
-59900.95331057760,-170120.1797786000
-51852.83282666670,-170332.8962014810
-53712.43649886370,-170489.7145814930
-47994.00472224880,-170789.9625123460
-50138.13196909280,-170836.90166068300
-52859.05601281350,-170584.8832747300
-45631.72719911000,-170034.50188011400
-36057.49793614490,-170162.4499247510
-27845.839286313400,-171995.58038712700
-10138.88530047200,-173689.27455826400
-3480.883059577320,-175233.70801518500
-10530.543780600500,-174977.16586324400
-4349.724064840350,-173860.6503784750
-6689.527117042450,-173538.26804808700
-7708.459981067570,-173662.05127298300
-12270.087173835300,-173854.20597228800
-14726.279373198600,-173545.8796866860
-21341.000992257800,-172815.9380309660
-27358.723864472600,-173176.58167667000
-20451.070530631300,-173028.6657318130
-19693.668468423700,-173298.00018921600
-17482.81117347590,-169553.24192850000
-16570.48085173590,-169704.6627710190
-22807.693244264700,-169600.01148200100
-18503.87114919890,-169745.71844918100
-36277.51375185900,-169144.7128963240
-40859.294324897700,-169170.53060486900
-43493.449504941900,-169739.09829931300
-39315.38920696760,-169961.13887725200
-35178.51764672810,-169023.39441641200
-34336.97957156530,-168386.76136500800
-33621.37300030830,-169051.5424250480
-30332.194325011200,-168753.6220987500
-30518.678665822400,-168518.34953243200
-24183.721778024300,-168776.8689947690
-30706.175734684300,-170965.616713662
-31904.33299594940,-169530.4468109160
-34725.09732328950,-169107.07897522900
-41852.15756935180,-170191.39242158100
-42033.254731077,-170318.3610176650
-43481.68803521000,-168883.7232969900
-46780.40257590860,-171716.09744564000
-46357.361496958400,-171578.04261571100
-47327.275915022500,-171771.1855202810
-52985.26697827860,-171753.65812417800
-57052.284534735600,-171612.35413013600
-50829.18293322040,-171771.50296580900
-53421.48543618180,-171657.70379716700
-45849.346687855300,-170019.55005213100
-53220.85984379230,-170341.52948893600
-50803.21232477060,-168432.94377754300
-59627.5242799609,-170234.10709230600
-64052.74428641960,-170062.54853516500
-65384.14098253790,-170330.0358807220
-58803.07101079360,-170911.90053183100
-64163.92799057260,-170856.84278583200
-60926.09192412100,-170983.72584351900
-63171.7010659487,-169634.2676444780
-64671.12863984410,-170909.41256426300
-46683.774696184900,-170946.8838245840
-43658.31001269520,-173279.48801240300
-40225.075246838700,-173558.01287582100
-34450.75446972760,-173543.1516574220
-23288.369047872400,-174873.1268169940
-26780.548729689100,-174711.28832728300
-21336.51643970180,-175390.55547557100
-21778.5607169749,-175500.91586500400
-26137.832083021200,-175296.2208460080
-25746.824456789400,-176649.27579592000
-30551.059352139900,-174943.05734387200
-34749.15603350290,-174363.521146353
-23296.160409010700,-174347.80810359700
-22664.123139309100,-174375.55223157800
-19793.624098638100,-174599.00399907500
-16075.525406648500,-174861.89291932200
-9449.813949584380,-174867.45907858700
-5054.30708461802,-175021.57750229900
-10612.264190797700,-174931.27611789600
-2280.907929951330,-175899.96572099000
5912.178841741410,-176488.08379228700
8885.373441736560,-178874.7531767770
17394.049603587500,-179393.33758435
6660.302529335020,-178984.20806553400
12316.83437479790,-180491.23385768700
6838.951891555570,-180344.00161942400
-9816.809996994210,-180303.7889341060
-11270.768082779100,-179121.03316198600
-6783.338858518870,-180176.8171207370
-11989.880381432000,-180248.36642360500
-821.2592749414030,-180042.52349901300
4723.284274763540,-180332.878082424
9239.86734456534,-180689.18622261800
17342.31878320770,-180872.56143081800
18975.16855014760,-180760.46326509500
25686.438460523300,-180593.08602667100
12972.721850361700,-181284.37600381000
9776.197595467210,-181169.35164675500
15235.793315319600,-181565.93192379400
13104.586401068400,-181692.7378901930
6404.46535339742,-181703.2618051180
-4199.8661984563800,-180673.78417259500
-17952.619093410200,-181287.86129626800
-18845.78020674880,-181249.86809083300
-22191.342413924100,-181084.40334163600
-28353.987996982300,-181206.5965084370
-24977.46749405910,-181256.83195257300
-28479.94883163160,-181203.26978341300
-22570.925124568600,-181614.8212219960
-12196.721222929700,-181889.3770436900
-6928.675847025590,-181508.0243873660
2759.748190489710,-181509.9479925730
5373.104714239020,-181401.9299485870
527.1342273998310,-181363.05925628700
-16653.375075533100,-179742.93691159400
-11442.835070757400,-180097.7123757690
-11382.044413620800,-180283.23655947100
-16538.57459007770,-180130.10668890400
-16962.480149554900,-179850.2740339530
-2662.8421396556100,-179924.97870958300
-7428.368362313950,-179870.51725901900
-7451.100373378610,-179807.29711813600
-8374.12281918968,-179773.95633175300
-11020.873358800400,-179634.91017607700
-15762.323205748200,-179658.70131785400
-8741.914261852510,-179691.59374902000
-6720.030865197190,-180185.8139444860
-9173.56136804982,-180084.37191467100
-9668.472734093080,-179786.68839251300
-14163.09955104070,-179521.7974796230
-9235.244667129010,-179418.40412470500
-5136.844282525360,-179595.60863323600
3360.1434103430900,-179582.81292160800
2396.8373508421900,-179532.65061362800
8575.806606633820,-179572.41259182900
15406.027263478000,-179819.0414111690
15213.822901911200,-180163.79373250500
7659.1783600397200,-180041.3781554120
9907.435786444110,-180106.8609520160
23255.681831328300,-181679.5031508450
39319.99220945630,-182537.7931927480
50774.208196783900,-182747.41030448300
60981.56121754590,-182439.3245808690
53214.76795213240,-183131.474660725
60389.67258264780,-182562.7221918050
62362.458556756100,-182661.31870347200
69005.14233632110,-183190.25664932200
71881.09151263280,-183329.97872686500
70921.12760424250,-183228.92818457100
74215.81803889930,-183519.45922213400
62709.37095793870,-184353.1717105460
63975.044375079000,-184505.89165519700
52361.57751765600,-183204.4775268990
47743.94251303620,-182607.30250121900
48187.21036968000,-183322.18012270600
42260.60200349560,-183194.13894975500
35849.883093032100,-182232.7705944350
35907.07033782880,-182248.72582078000
34387.42976235670,-182212.6255778620
34978.53454126310,-182082.4957902430
30791.613553837800,-181828.2669102040
33355.10542882400,-182351.36795242700
29920.916159080500,-183023.56486980600
29365.43294901300,-183012.32350323700
29176.488418640300,-182926.0179489240
33179.019424346300,-182973.47697942700
30047.91457988350,-182709.71136920700
30235.031937136700,-182743.24697784800
41003.20296835490,-183059.26931719700
38417.69387125860,-182981.8153307000
42091.1185326071,-184205.68987832700
23016.391160457400,-182291.91251616300
33245.45071873590,-182965.83155538300
40164.29438694610,-183560.10044778900
35510.04735887350,-183472.57110016600
33942.08772203120,-183592.75866634300
37011.57704225820,-184022.06367870500
40545.13480873510,-185093.92044815300
36475.712184018100,-185022.8987198400
36873.1380079356,-185123.84380064600
41304.71091128840,-184524.03737363800
39015.3857907441,-184685.11803040100
42145.40006928790,-184667.80506517900
46055.724297642500,-184688.52927864600
53261.734367419600,-185908.6941975390
52806.78149626920,-185889.91077106300
47911.9807285351,-185758.0299457380
50942.043161112800,-186085.78207585300
55170.47091497730,-188248.82105758800
59322.58312222470,-188342.59983285600
63211.63158395180,-188590.43768844300
61466.785109379100,-188594.05747878700
53528.30240012120,-188481.46121652200
55998.541125902900,-188435.86304815400
62165.42620462390,-188533.44602306600
59584.79040931560,-188533.16714999400
67134.95622411320,-189862.64534806700
68396.750247158,-185571.28107843900
69351.5001269572,-185574.23558083400
73365.46408203410,-185927.47924390100
63365.02487532150,-186088.8410121000
66596.412642312,-186509.01827975100
64269.74270299690,-186118.34098782900
60721.192655506200,-186129.49128759700
59694.54192694450,-186346.00238731400
65629.20538453480,-185242.9006970480
64727.382701951900,-182924.79715578800
65239.86294173590,-185533.16321860400
72358.03712066650,-186664.98146825300
81488.03229174660,-186986.67046827900
73872.74009807860,-187046.14868965600
72407.79942358330,-186934.7583968510
69084.84106958400,-186718.16631231700
66299.21812804920,-186638.6626129820
59900.762469347900,-186774.73366643700
57637.96207941750,-186719.1726127340
56008.26926336720,-185876.44775812400
57516.1748204747,-185383.7695554210
59025.16825526880,-183789.4248119030
60979.71800760050,-182685.6017412330
56208.411216093000,-182815.12433041200
55770.49991635940,-182879.80009107500
57761.95605591280,-182841.06183251200
54354.28351439680,-182974.8681986360
48717.54191614830,-182908.53085628300
50201.96423197650,-182994.87301082800
49755.56500529210,-182965.17362796900
46098.06277417110,-182754.0011051520
52994.3104715806,-182901.2433437350
54700.796121325000,-183469.53807580800
42705.91297742100,-184959.87496974500
41519.5244144419,-183900.74141016300
48491.54554314400,-185481.32425500600
52318.161658896700,-186321.62100225700
46346.93817610880,-186773.47052827700
53445.05001999920,-186919.96975519200
60260.32780808020,-186970.94189291100
59704.19199931770,-186885.22974184800
60432.55036553360,-186782.06364045300
61026.78875138130,-186901.73322726600
60341.118521958700,-186902.2707763810
63278.24456545830,-187061.98164807300
61685.94841074730,-186959.3882979900
64689.50113688610,-186219.0757927200
72873.92821424580,-184474.25912673100
72577.08778852700,-184504.85158794700
70138.0598671399,-184529.14013014200
73787.45834884190,-184685.99061487100
76494.69820122510,-184761.22045526700
74640.81642405750,-184742.6234216420
66159.82399790050,-184038.38212694000
63481.78195904140,-183925.27694436200
62403.33457323830,-183827.642641598
58202.08338005540,-183751.8447498910
47389.9572416069,-183698.15814281700
51195.01346730100,-185504.86223455900
52662.54165548790,-185472.40688730500
60575.270653930700,-185647.37627128800
61581.43882852230,-185592.40613835900
62487.49398350930,-185509.8510438630
59282.41030079530,-185435.66061596700
56198.05923435490,-184591.2299683140
55535.98998203550,-184645.68470760600
55304.32872634420,-184133.60366721500
59199.56927745730,-184069.2997490130
63510.32342071900,-184141.71099126100
64320.4484904689,-184058.07533831800
65616.33660971200,-184193.0528631150
72198.98588660700,-184396.12772553900
68194.28864623610,-184351.9548105380
68765.68156862910,-183826.7602292850
68861.12376064920,-183900.87425290500
64792.22345122440,-183794.27887266600
69277.47804154290,-184042.21730533000
61791.10821568540,-184007.29144659300
61410.91626781270,-183989.93856629400
57982.594292418900,-183955.49168391200
56370.93061766590,-184133.25521432700
69942.98504993350,-184836.48999186200
76161.06512118990,-184906.97783116000
76279.5654628881,-184894.38189885400
76685.02566288050,-184867.51318070400
69806.3085179656,-184608.13789700300
62461.86183220740,-184163.43859439800
70256.37949177830,-184303.84693669100
74236.10401541800,-184334.10701869000
67867.65916228570,-184066.47171253500
63775.71743314040,-186579.56287543700
70669.30418243520,-186833.47377160900
65617.8587606817,-186758.46535586200
62642.76334814160,-187016.10606562700
58158.810385435900,-187013.96648033500
60667.855951568000,-187052.95386074000
61479.711857379400,-187212.15566303100
55639.92655853570,-187188.65624609700
53664.99583405200,-187295.1531271690
61202.02647798940,-187383.996759789
68205.69897569330,-186805.62782063600
72331.62485505730,-187035.48533743000
77094.89258892760,-186999.3492075250
76883.37353188410,-186975.50165254700
68535.79576214930,-187587.79541246600
58512.438604997000,-187629.08713896100
61663.73576790080,-187742.52661101500
65135.49684052500,-187988.98389158000
67851.99555018680,-187991.1786333020
77703.94708457510,-187400.07462904600
78012.4390783715,-186207.7840159010
88613.2859668081,-186397.8848326370
89128.398369667,-185038.01030147300
94797.90899799070,-187488.16761897000
91792.58137459370,-187387.06881621800
83735.01236753240,-185844.14923933600
86979.26184146600,-184718.4294805200
88422.96906467600,-184758.3890043530
84655.59867566780,-184735.24572517600
82313.3219574528,-184610.88194163900
82598.61356509830,-185783.08514652800
75908.69916807670,-187240.7228169110
79047.80682640850,-185726.41077660900
79310.22459595160,-184677.6865271200
83484.05184923140,-184822.92237203700
85286.35175085460,-184974.09062977600
82573.28836207770,-184926.4020229840
83593.54791182580,-184898.2884985340
84796.1077191343,-184942.69260558100
84271.53525421450,-184985.06551463500
87995.17819240540,-185011.04783646700
83448.74553862560,-184898.71394800000
91987.47148399110,-185219.7650229780
96526.6675962134,-185048.4673785870
99723.92831027570,-185086.07827356600
99524.76776362750,-185057.85588638600
104283.1343386900,-185358.67672480500
101631.79163588200,-186064.74487817700
107986.44690655700,-186273.79108673100
110860.92652190100,-186462.44186461400
116069.50599410700,-186576.35955797500
121879.23483680700,-186886.15969872300
112360.04304772600,-186594.93939035400
119252.41468708100,-185243.3781660040
130634.99164031700,-185648.3406397300
128461.97653356300,-185605.2516785360
130824.0773058890,-185534.43132752500
126906.30443545500,-185531.44041724500
120166.98846275600,-185345.25266119300
113469.86558144500,-185188.42375058700
104426.55648084300,-185028.74354118300
109556.09793274300,-185023.95874647800
111822.0731180680,-185001.1747950360
112238.50941043300,-184361.04763038300
118820.45421900500,-185113.1326380340
127368.38279757000,-185962.99846162300
135764.02358997300,-186249.81247204400
140543.7409294490,-186338.43693359100
140096.82197518100,-186202.32506854200
136514.53343152900,-186210.86089573000
136105.05599732700,-187303.90775620600
133012.23094824300,-187207.72789183500
131275.70751590900,-187191.47875496600
132682.71929527800,-187365.68239650000
125486.77600585000,-187295.50238549300
120028.45320367000,-187237.04388681300
107039.4527862530,-187286.17594308500
96553.60080476910,-186333.54295185900
96603.63069293820,-186571.5138138870
91068.33317918660,-186427.91086857900
90364.20135398510,-185880.77841633000