Realized_Delta_BOF,SCR_Values
140624.03143451607,-140688.87852630462
148740.8875457464,-140627.67323356477
146156.7946051549,-143043.87109364755
143472.75647428748,-139583.56649753873
140659.07499658782,-136283.7896060907
137986.79752264253,-139039.88452768663
138454.94483721466,-137805.9907160601
136223.04731919686,-141655.34853778133
135881.31691249553,-137382.16019158813
134213.87576534064,-145107.1425274124
133007.04513086786,-139004.11740707175
133729.37115997658,-137475.46480797426
131978.5885376206,-138062.90551826943
131587.26601040643,-136688.77497292848
129352.22372150619,-136765.82469741793
128977.62078410713,-140368.38864456085
133096.38707107469,-136828.57331979772
132063.9357269546,-136784.1923546513
127478.52182527818,-141607.0070188215
125455.6115094705,-135511.47113408192
129262.61719837983,-139898.91021722308
127419.58112172829,-137854.80390031665
122946.30368236883,-141251.24443647446
123114.92987332353,-139001.3446004934
127075.83454074792,-136132.35325173856
129262.52071625157,-137066.3713555544
129766.2279458819,-140068.81340818026
129247.5823822217,-137588.91425990398
131333.51514519402,-139336.7230327801
131949.84628506063,-138975.47161824035
130967.55876614561,-135854.6629180964
132347.84151878813,-135197.50413003456
134176.62781683612,-135997.25788163513
134417.90613034694,-141638.92572497495
135353.94676031568,-140182.16500051424
135538.3658309473,-133410.51343027304
134835.11131663655,-141529.2142478955
132246.85948626883,-139440.86620079947
127003.50529915316,-147351.3673579925
121060.54825018079,-136253.6773354024
117826.83427507384,-136248.4762333675
101222.26179042296,-132199.0671512158
95394.82267530437,-133636.22260090004
99631.45439053641,-140023.16043211022
98048.50051703001,-136415.6192865247
108017.45959251735,-132695.0517765502
98946.25446416228,-138811.08546735492
90999.0764908368,-136179.10899442114
63588.99989511038,-135113.0567248438
62089.66429613216,-139308.9710904199
51915.64573713811,-141841.2577786487
12224.979421393946,-137208.3699388668
16471.85133961856,-135504.22696040318
-18642.325633052853,-136333.5144822648
-22376.811424600543,-131220.65906692093
-47402.09390215785,-136172.78339534355
-41155.922261344735,-135111.03490971314
-40931.127943685045,-137015.41774143142
-53893.80933985324,-141397.97116550503
-31671.565710266237,-134620.45791046042
-24794.516010838444,-133701.21831189888
-8624.272861700272,-135745.77171156608
-12804.455900584115,-137663.23866381156
-5581.083938617725,-136453.56134689576
-6654.266041543102,-131521.37022863977
-16224.693391765119,-135815.31038164266
-12623.164810339455,-134719.12491806658
-14651.199429901899,-136276.3518050668
-4252.683280728525,-135516.60208794364
-2836.1557958819903,-133598.99530296584
5629.123402619152,-132922.57958843
16476.96175719041,-136879.55709350988
22103.48672149377,-138039.04753579965
18876.301166968886,-143018.7652333155
17809.730330952327,-138458.08274501262
23432.746710066916,-129440.00510636516
15803.000740865129,-138285.58722072153
7129.291860081488,-134385.08645441238
7971.642429245403,-134024.10560066524
12447.699105906067,-133367.40851108477
16105.710138334194,-136370.27854481206
21000.78770816524,-134054.82358692438
22313.148939430597,-133231.2188191757
30083.056311117718,-135851.26499976104
30002.909086045693,-130452.0981208643
21454.32092102908,-138607.91634337098
28425.655264873058,-131573.59552014837
23867.214984713588,-135444.85859354175
33037.50427024241,-134313.04892579227
33478.463614485925,-132346.4253859446
29402.625566785573,-130240.05017899838
22927.42137811694,-135530.4190469506
20350.125818162807,-133408.311286453
21050.13267245423,-130178.34394682907
20504.14368551981,-137697.3150753241
28582.735847305274,-131447.65909604146
30683.970982086612,-138526.52691026678
33653.443209872465,-136486.02762762978
33594.990909582935,-134393.78055427046
36096.02559600433,-131784.71786218818
39377.688825937454,-134911.45442716213
41661.44851750322,-134265.98068138675
46596.284663930535,-136906.69871405704
48497.16593611415,-138113.6800371653
44922.97489207715,-133808.41798626733
43697.68980700476,-133510.0296126174
48535.825759026804,-137812.79061641014
48796.807576887775,-134117.5464152024
45661.39866281825,-131689.36729674196
53118.60514293064,-133978.84178609788
58129.943246493116,-133616.92013140986
51106.27972246648,-140079.53508186364
48591.387461593724,-130989.81676994408
37160.427466371446,-141858.0003482006
34621.418286661734,-135531.35138644508
35383.81204795465,-133259.17598403737
41504.21559578285,-137165.97755786855
45355.835173456464,-127094.57048145297
45948.981339875376,-131799.38014638607
45991.196595877525,-134929.5815382708
47979.63550769549,-134705.70656993284
45764.03031874844,-140179.854133598
37601.78521095298,-133804.4091086469
35370.02943347825,-136383.05363120593
30119.716848735698,-133853.11552950554
24820.94109094923,-134605.98565499496
27076.024972306564,-127880.2306885657
30065.543186456664,-127676.79761579508
35951.797491807956,-131159.12744698685
35727.93252516608,-131194.72578761794
41334.99041463563,-130826.88386055313
41251.506806688616,-129239.43774399557
41787.73177447135,-132701.61852356268
39800.39713853435,-135291.83466026178
41964.663957212004,-133616.79094121582
38347.11107688071,-138719.89550452755
39266.30862733256,-129500.31198848729
42357.851744427,-128880.21538156345
41214.88172729546,-125489.70326115526
38171.01170467143,-131240.38372976315
38999.96758983785,-128182.96269642055
42751.50509361224,-138808.03444427863
42354.27727566089,-133406.505478725
39644.585576583166,-129966.50682375106
38086.2771426182,-137324.86044124514
37233.10072672577,-130150.2338570434
36898.09291169804,-137707.86235440773
41044.46717852075,-133292.07523980195
46229.98376522225,-135215.8714387316
44397.12207159225,-135823.2438393816
44010.953687925125,-127672.75477797775
45957.79703592521,-134111.60451917798
48564.87092195486,-134097.22231863096
50683.52632644703,-135806.4214342921
48614.62018183607,-133329.98831379676
51864.64439869975,-129519.4772837976
45811.90504889446,-134295.70561015638
44931.92916926299,-133751.9126689541
40928.40351931786,-136544.66039726662
39464.97091404337,-124829.2411954067
38532.45868137048,-128484.8925628688
38617.51780789939,-129822.6137658827
40687.097082174616,-130975.2280064285
43088.65995991521,-126885.18229721505
40497.75873309991,-129848.18729157829
39300.41949391365,-129876.79587708901
35203.646416276344,-124009.64099430198
35520.800697034225,-132038.74753053428
33350.131240874296,-133424.03428091263
33005.511531099095,-133805.58691136783
31268.786755519686,-136948.47839508814
36038.45804876345,-132962.42431344782
41741.922235089936,-136377.5108388739
41538.631512916065,-135057.98430313915
36559.532713033725,-133073.44151484518
36048.18850212637,-125789.3943528978
32150.115816839272,-131115.5966317399
38084.656323821284,-136383.77981197086
38221.946220257785,-129236.98205023163
40165.64310952218,-131310.45428716327
39171.0285847669,-131177.34228486705
37847.10416966956,-134219.64057048017
33019.30154457595,-133988.8769517053
27081.322998343618,-133594.20711946525
28255.683646141086,-131375.08235141225
25468.185260815662,-129640.27866335049
22265.304335006746,-134482.89844079173
25308.463755533332,-134024.52198247376
28704.05682706507,-130689.10287694025
29767.62736756075,-129542.94147889297
36714.58160739264,-132454.813732427
36601.597050411045,-129918.51657061662
32865.55816472089,-128813.47632488616
35782.66564458003,-130878.18029962358
37597.47628142475,-127632.29026501067
38935.209231416346,-138014.0177538452
45404.970924445195,-136032.8894345664
44260.314779337496,-135613.43146757942
47418.551962888916,-132210.88299246627
46163.1284985824,-137418.91844145246
45697.62916886341,-132961.37867568588
44337.868377946084,-132242.89659518967
45173.34943135886,-129682.10273874784
43169.75878886413,-132046.43616732635
40322.36380669649,-137143.16865392987
36051.65429526847,-129953.93918276232
34676.82790972188,-132484.0188515928
37063.69362348202,-130729.64901089518
34466.81034780585,-134656.0912332867
33661.568905540626,-126794.73425927789
24060.73536456027,-136546.9467272781
25764.111311459215,-135438.8087868706
23902.601148148533,-129793.96048758007
27462.137578605558,-137356.95343001484
31690.873293884448,-127041.80433876901
39801.86183540709,-134163.0233253154
46378.04197272658,-140384.38640684736
44655.406508287764,-133407.95088459933
48855.69262606464,-136327.56245125175
48901.20053365966,-135924.8141391801
52634.56301375851,-132710.52750207903
50177.54976718861,-134244.60608658107
50841.382994151674,-137564.41383522778
53735.653397405054,-125289.22082037276
54324.42417207395,-127946.45967977408
54540.964922504965,-129042.06464318486
57907.22004924889,-134440.783315851
55727.25646229717,-130465.23187075059
53307.742334524635,-132019.3355818191
53475.40482888266,-133180.81832276002
53068.97589918994,-135323.47502188222
53857.4183136659,-129916.28431805992
55416.13192812819,-127965.66075193952
60350.889867480146,-136005.10469100243
56971.130451406934,-129106.3331840268
56140.29176862759,-128401.87321910144
58682.69445363013,-126861.24267186526
56826.8556189806,-129306.52755997163
57475.93006293033,-130885.91958964523
59714.51523525128,-141942.17701510558
56423.70722756197,-126012.78550072288
59089.02839536872,-127499.32960936063
55778.25505452743,-131024.55790970524
53793.89732740109,-134521.1987210693
55321.90725853015,-129409.11338336271
56917.87698823982,-126918.74707842636
57495.738705677795,-128980.5426650131
53379.00545072823,-128871.69754927023
51035.40033087018,-134120.95022969935
52689.412507228786,-128141.48745992497
50687.5033145108,-128662.7561564815
56174.17380264925,-137417.36233067885
58142.20861011883,-129922.75916465007
56249.582264435594,-134957.2199245079
52787.804064724594,-131636.40102848868
55872.3773220405,-130099.87248028684
53389.77796325809,-129560.59340659168
54605.08228181419,-132857.67418983518
52021.32372164051,-127032.65323382315
53372.55524383229,-129122.20130486073
55995.08309789887,-131859.75670493708
52954.729796860134,-126101.69920198694
49817.30317342316,-123972.36278727508
52061.5552026931,-132326.3991344244
50971.16787378816,-126279.22454766097
48852.34612470004,-133501.05943665464
47716.01594600815,-133250.02860255074
47392.41019530303,-131491.04441981172
48064.842011391884,-131964.25209320724
43218.787127928925,-130618.67021897288
43329.623139016796,-131575.57951791462
45009.82182400103,-133948.17907202136
42462.730958452565,-130327.30339890871
40481.948396864,-134567.89415208742
42362.012084191316,-131987.17330101645
36431.1013090068,-131848.30281240374
39040.14490874775,-135452.18912393475
40691.36503973184,-128905.20877809076
39040.87873905385,-132844.66391348606
39837.68385718088,-140227.0299993788
36883.5281522288,-127698.81911398926
37341.42747365078,-128394.93233135108
35872.75307736627,-136091.809535096
33483.77961410547,-125595.71762017527
32652.419054597965,-134605.94558521517
31258.96514351177,-130435.58917127145
31467.928297008853,-132172.782404209
27372.75429331395,-126827.76869835965
28195.270439603948,-128029.46216304785
26062.381331495475,-129688.53557434316
30902.17371515627,-129893.66096972536
36130.62438595691,-134248.52226828557
37776.78786081425,-129515.83021156809
51698.962855102145,-131982.42889997686
48819.44804511918,-132546.3900012269
44709.64170798147,-138436.0083261927
52944.11926107912,-132472.40814841542
43180.54269605293,-133151.07072289631
44450.28072043648,-138165.94391831066
49375.67763866414,-132050.2060348376
76776.25331045152,-133970.6275646284
77900.7890527451,-138391.52823729976
90367.37716978928,-139527.09420526068
133125.34233262797,-141431.66962681588
131920.06626428338,-145424.72084787296
170179.15043233056,-145650.9964259249
173991.32044069876,-147780.7913959824
206057.84188749106,-154737.21984050443
196361.04801816144,-150451.37134488398
188154.19234412222,-150591.52159661386
203735.35767552909,-155837.10415533994
178230.97795942752,-155874.58539655633
170441.7866244656,-155754.33524179182
150550.55565345054,-151794.70434455134
154981.13786818914,-149237.64868045956
149242.64704307192,-149397.58269286848
148007.7633135931,-156393.777078236
158700.35977998096,-153962.0219975859
156225.60202826,-151901.49167061923
165634.94541604316,-148517.46770684703
151843.53396234429,-151566.46307910726
150530.40421557042,-148423.84149741093
145199.11072291026,-152500.68593126105
132023.43216888397,-148741.0371664368
124692.65003410971,-152244.82423344848
131066.2927926596,-149277.60174361136
127516.86414236762,-147530.10370124562
125148.48984305572,-147835.95060277687
130420.28933654865,-145494.96655233065
138673.9746595138,-149331.93494828156
134166.43151631893,-150602.12074026692
130315.60553665587,-150490.45203343235
127661.15952360316,-148273.51889292948
122915.51547580957,-147020.91986173717
120784.89974353602,-147899.80988823404
112406.14781779365,-150332.46673935145
112672.38023228012,-147283.02647241607
122372.87500609679,-147954.66006238793
116363.5411065754,-148336.56878121354
122662.7865778259,-150492.2448591269
115828.10840357176,-150073.22735471374
114072.71617998695,-151212.75924039882
116409.76636089245,-155615.72324360846
120588.64465272299,-156814.2145931587
123227.68738594535,-149593.78668561034
117867.95064494829,-152386.6498100139
112862.89675614354,-147389.68053316986
105112.75576736266,-150352.31049508177
108391.96230354451,-149442.59104402424
103301.31683375139,-143797.15247187292
102333.04024015635,-148663.53803147268
97771.34199377242,-147852.5554466375
99566.78814172081,-148651.02244041517
98166.60445437848,-148869.99577003266
96127.53455365985,-151560.71785400045
95506.6135928121,-147789.65027806078
98664.10351563548,-150526.22195221548
96829.14814402442,-152586.58356378166
93786.77402236918,-155730.4648263466
88845.88555533334,-146408.81985336743
92749.86722136161,-150749.86414312627
85810.58713313204,-143583.97955201892
80984.20058773749,-149470.10617827557
88961.56993780634,-149612.05784193668
90188.2062616736,-146846.004898278
104815.15794796031,-144617.75249473844
101684.09936781076,-145395.48888497078
102197.96383949381,-149671.48429129677
95867.86087356484,-148021.98382670595
94531.31452664884,-148993.08832422376
92499.20137895644,-147410.44297346295
91863.35061195912,-148495.76327768472
93876.17125510157,-149240.32932504796
93877.23984106083,-143183.52029143367
99814.38719357969,-152156.6777737516
98780.01403594145,-145793.90955786273
100262.13818056416,-149381.02241163244
102015.67173369764,-152628.78235451307
96608.12303718494,-152114.07293526668
98669.90349510661,-148696.55330956157
92834.82455845166,-156488.39070742088
95126.42916455213,-147790.5491133845
91917.54941876454,-145742.50507501885
97984.76154061593,-150489.1437475291
97309.98055930529,-144171.83799975453
100667.87318291108,-149282.23013156466
101710.36642795708,-146229.59561616153
101186.20804790943,-155949.57227990424
100829.85534378688,-148464.31594516282
100816.57591149933,-150334.62467474825
100640.57641157636,-151855.9528108019
100970.00980413926,-143344.87548126734
96053.92709443823,-141875.6452564489
94383.74209626962,-149759.81341849113
90811.19469159667,-146011.14798089044
96364.35285592638,-149582.96190635886
102102.85627144948,-151531.09142530136
105775.83405554609,-152417.48877798507
106449.27002900129,-148349.68096670066
104002.8858182457,-153330.88129530026
105007.65972172539,-143525.1647877712
105811.92542949959,-145554.75295218293
102994.20639661548,-154299.14142497274
98794.64939478447,-146776.14723208963
101842.16047444078,-148433.09574538458
101104.07703338005,-145535.2440315743
101050.60691785126,-150536.71027995116
102075.02856601018,-151421.63899628454
102864.4202450352,-148385.78525878332
100916.64968503523,-149280.81941070058
104958.97074172995,-152494.8331485523
106194.42446288862,-146465.02495811452
105704.87124036124,-142341.18598631173
108361.09604052431,-145080.95202623963
109166.17817279941,-150051.8593150373
104575.84612526721,-152622.56899658302
102476.4826920348,-143071.90616885264
99646.72031988786,-145331.352469035
104899.65427373955,-148521.4504756933
102047.4516551249,-138365.8786229096
103694.39586545026,-143209.6909038523
100928.61604766943,-150105.26925047918
101109.90741230058,-150129.49507844012
101618.85243102047,-147960.85845208928
94759.02587275079,-150196.14232891917
96419.48255616624,-146693.22761099605
103374.20889662893,-148330.86777482234
101088.98802224582,-151947.616536644
103624.58283571468,-149062.12020669755
102265.0018817354,-144734.28446852881
96515.71264529426,-146502.93876980277
93351.85229000857,-146619.97291612625
94186.32306340791,-149304.74928183362
91573.62445534777,-152545.4482654643
97204.82069644437,-147778.17095920787
100649.96110968222,-143854.22835613828
97809.41206167266,-144254.60088102773
102464.60979939229,-148195.8389828353
100469.64997877623,-151961.37608535934
94723.49031962804,-143830.00508277575
91252.22023390455,-146606.19512733654
95085.77623649687,-148031.9820997132
93875.00360180018,-147980.3544120038
88945.43669321248,-151666.5164631467
89496.6561155488,-142438.35748719226
79065.20667461294,-149595.99451809723
80267.22144734708,-144972.80904989046
76623.09952391498,-150512.46313909598
76020.4689134442,-138950.36432749842
70677.43956851505,-145068.0285670164
67601.38907782605,-139875.8227711374
66193.45757147693,-148972.0008316319
69625.86607340968,-145301.20824118177
68338.10361317534,-146951.21588747256
67608.76251102483,-147723.63593262905
70628.69017874158,-139381.2346977365
75080.67057830922,-147633.27887183576
84065.7976592494,-146854.30982962248
86081.59911590687,-145899.62529500917
84252.87180152396,-149270.63282885408
87453.55931554188,-144449.61679033138
88129.24806262844,-142542.44769983075
96732.53326617659,-148665.1993326406
94189.79092672036,-148028.7164717714
98011.68527582916,-146094.48080477797
95509.20463375223,-150669.00715058282
94465.18924200418,-148677.15214558176
83388.19316130783,-146178.68604837448
77153.98557665164,-148462.9385564307
78383.18427748838,-147467.67321383848
78775.64830566396,-146910.48047352667
78945.96235956566,-148833.67195302178
79543.44132806931,-144283.27186107912
84335.90653137176,-145055.2653711141
80590.882471891,-143185.23429775538
78663.52250505704,-139149.09845049196
73791.92247596313,-145437.04222553864
74089.92933010019,-147783.626373198
75175.8802350302,-146918.53864952357
75244.94923461578,-142822.84845518082
76299.95880664629,-148635.69565941652
73175.66143475473,-143841.23465829695
74853.26443684741,-146413.54883813276
77284.42695963162,-145322.75371223275
74011.43589707231,-146288.19265213338
70155.32643547258,-146771.6865964038
73049.54094050417,-147248.8107325106
75531.6644556839,-148579.2998775343
68200.34001552407,-146018.6288223701
68888.74896332226,-146696.9972207844
65745.92743253068,-143232.33017857865
61260.164792341064,-143641.4418730133
65523.16022072954,-144246.2121418357
66067.0444480083,-144348.32569668535
68004.27589465945,-141245.3844411861
73851.02128940576,-145935.94756444189
73162.66872466356,-148701.92807496205
72956.32543224155,-142201.91544265472
68280.88615008595,-145124.6165807687
72922.79278242658,-150259.6703113926
73361.29128768574,-147606.07495863293
71833.20853302779,-146412.5113043143
66722.21374155651,-149947.8561986468
66581.87693869614,-144865.904509052
65910.84698771173,-145046.61325242012
64002.885857667075,-141225.8826277193
66361.63345741178,-147870.73041885195
61578.68101327261,-142502.0132084337
64286.62068872969,-142850.72518306613
63473.50162173656,-145241.4824769822
60993.42291144084,-144095.10699479148
56156.19222408894,-142499.49462217253
50449.840628862265,-146559.53491333174
50891.967954826774,-143331.74769989683
54308.04787335941,-142190.4403268788
52111.719813705306,-147859.71104608916
49464.50230443105,-138434.2466318731
48142.94472969568,-147172.4609648614
48039.2934479214,-138416.44528839304
42045.61293191789,-147795.59531168747
38279.28652686591,-146118.3652833968
42239.53240204998,-149207.49058745927
39906.029907826916,-146782.2814311703
34900.90855458751,-141085.38921133117
32889.44753158954,-144950.57073616344
35621.68513606477,-142738.79322738433
37057.58573021437,-144513.7725381431
43966.04613193241,-147299.62636127713
41029.60361637932,-141873.94451949888
38178.470776968636,-149048.8398495039
40557.97555428359,-144050.65284000372
26322.668406409677,-149196.60689070745
19850.278696999536,-146316.1903307008
16457.792372542666,-141554.2112511272
16075.525972770061,-145339.81011214998
23086.28129194607,-146947.50736768197
15951.358751995838,-151452.77561756223
13679.99488303659,-145271.8753670486
11321.10966259602,-143071.50606792376
14154.058673851774,-150712.31767375837
16085.230661647394,-140888.93170488544
17136.547122452524,-146780.44577207864
17993.231346173678,-145830.95584821375
16379.197492867825,-145800.64095548203
14464.18656308297,-151365.06068639996
11720.921067099902,-143967.80666864198
21262.483567360556,-149718.9116068907
26767.092518529855,-141743.00266942367
20895.17915849539,-146074.8636059681
27308.721091206884,-139466.06979703793
31549.545623737387,-150714.60919350784
30084.579226095462,-150196.16779845266
29387.023857625667,-145416.89432800852
19589.695528062643,-139302.08711636835
9621.16100489546,-147962.44830414586
10705.693024776643,-143323.31702624433
2440.3604718637653,-145497.7300412043
4968.730582449352,-146030.7787009017
-2692.9264741161605,-148564.04754449928
-1445.8319116944913,-147680.6197254041
7648.012858015136,-145147.17847073174
14597.525577205466,-141833.69984600059
18259.14526409749,-145875.3578668051
12172.228741179686,-145398.98919711346
11839.381228310987,-149454.3546467995
9566.123250709381,-144483.28568676912
8359.023069699062,-144458.92000782854
6276.810525484616,-146482.5325632478
9052.49127094145,-147372.50702552113
11171.035403868183,-143831.59911214208
8843.630059274845,-141260.1667191212
4127.58556444163,-146317.2086142663
3156.440459917183,-145923.44913608447
6947.449560905341,-142385.486872292
-989.38134466263,-141326.32217476572
-6392.867331235902,-144665.42036812706
-6866.785949821817,-143115.31498484834
-8677.957479352248,-145464.79360620127
-14103.518138665124,-143773.62092754355
-19002.2434924884,-145711.30665752836
-16216.061930593336,-144197.364422152
-17626.63445168268,-147114.6028264325
-19917.92265557917,-146693.58010528737
-18519.74161473906,-144517.11803480226
-23838.87636783067,-154008.97715050261
-30612.445428187377,-143659.71546979403
-28713.468981491867,-147539.40811707685
-29885.810772976838,-146300.40814778785
-27965.736292728572,-141569.2901943793
-27334.193905677297,-143437.0283113002
-34103.91613794211,-138505.7583488708
-38204.128282503225,-142661.30540339858
-37222.4803050803,-147849.06929443806
-37072.10362111498,-140586.94262503585
-44735.42834729771,-147668.73251100918
-53827.14591946523,-143086.4147353498
-60191.636442287476,-141662.4818072153
-50209.69508117798,-144624.50441638613
-44256.23238018202,-145355.20501612406
-39963.37839425285,-143082.42488706397
-40849.21665787685,-142131.29068959464
-39072.27419865818,-146432.93240448306
-40792.37584881869,-144331.0249777672
-42348.70965676231,-147861.6335603259
-48040.00921813701,-140053.70249528473
-47964.20899384492,-149867.65130013917
-50141.580334491446,-142759.2428729569
-52823.812439274625,-142227.59640111317
-51723.6386552488,-143708.9233880406
-48651.45857181528,-144563.42868848133
-43437.389256933704,-145758.29125872807
-44720.3235430537,-144537.2285400274
-49482.68673517858,-145839.62151347692
-55438.664003267884,-140936.7665731399
-54720.4401745107,-142044.73909035686
-62001.61221691605,-142468.61876337827
-62748.3486929615,-147289.53944942539
-61663.979426049395,-147877.8282082527
-67929.70381498092,-148210.49000881426
-76576.48251220444,-148381.58501731546
-88251.46343712322,-149097.35949090548
-104391.97030761326,-145612.4539597329
-109274.70778986532,-147728.38084107384
-100927.72513165197,-144551.538576495
-111371.09543116158,-141527.12446313517
-106597.04503287445,-146097.89930064787
-108669.51393977436,-141384.79446715297
-109133.57876224385,-145098.24064473418
-104205.8869376703,-140694.2884039947
-99855.72252366715,-147327.3058700293
-93254.71514088986,-146354.70341228807
-97480.58124164445,-145531.99575987778
-101180.18487990985,-146191.78903883827
-101141.64848105446,-141750.28225127354
-102579.30688809126,-144167.89729877046
-99481.24585570325,-141581.02402573562
-104335.77744178858,-143362.70545315545
-100429.99751076067,-147757.94525378072
-99666.87698499812,-146614.92297579336
-94956.85100506723,-143666.75737648734
-97483.76180107193,-144346.72875077475
-97760.12262778915,-138492.57243810975
-93337.59013649286,-140749.75135519082
-96212.8018970869,-144554.49062997464
-99169.49036408646,-138983.47483462063
-93793.76703548175,-137708.8351408085
-93758.97903813375,-142435.6613527737
-94040.71041593316,-145847.0780988071
-93036.39421118854,-146387.62685306172
-91200.89663479535,-136453.5376788271
-86265.22710238572,-141908.01144905374
-86586.69814228278,-143057.1807956234
-85428.78133489285,-140625.0741695919
-82553.90649758978,-146839.47952672778
-81830.34822200215,-141759.49786105426
-84314.69528724335,-139143.40495257903
-84553.44767182297,-138103.3233143775
-84778.33322334872,-140627.30411419205
-90722.699486856,-140566.3194290456
-90542.94316405396,-137739.54737699882
-93062.81078370684,-141513.57562900218
-86748.67570491636,-142021.19190753368
-90143.26300068235,-143214.52372789386
-85945.47330943856,-141015.33873412505
-82306.94455116137,-148638.88561253296
-86738.83797022945,-140019.61783443764
-94474.43885645701,-143498.54706542188
-91967.59719493019,-134716.7626896357
-94095.38177474332,-145498.65145940566
-94676.87626861793,-139083.2063109633
-91365.18841874413,-144652.22763456104
-100418.15403281932,-145974.6748387758
-104949.14449863462,-141777.7168340344
-105767.45618323982,-142268.08756336852
-108972.99518925068,-142327.94966263216
-116093.24262529577,-144771.7837271722
-115092.9534581406,-138543.02217593568
-113544.97212280415,-144307.2928301788
-115375.81739144027,-140723.87534046316
-113153.30411545234,-141114.6456414205
-113737.16009855806,-140036.9801884269
-112306.23817888717,-141014.60485681842
-105425.47166747774,-141058.58473503895
-114038.42022008542,-144792.78485510257
-116550.2816279264,-143403.43783584688
-117390.29840819538,-142210.53875378967
-122597.67389937583,-142132.1089482437
-122675.64215944463,-139929.09658010182
-130225.73438737495,-146824.1464192076
-129008.12373106182,-147104.78683816877
-134260.09258229088,-142461.58000477136
-137405.99997593963,-140892.7697772674
-146058.05466198723,-144281.2252858606
-155057.2293571547,-143425.21254725946
-147500.84088229178,-139455.33411232606
-154186.29888821708,-139838.41531528323
-151215.26680289267,-138478.83144185584
-133971.28614378767,-143613.7967775549
-129110.99745806598,-144862.70235056887
-133917.82318820618,-141519.51916266143
-138916.37570047658,-142394.49975773238
-144433.05925901537,-147529.59897635755
-148204.81640312786,-143748.5161872816
-150732.98654476844,-142610.08320416126
-156707.4099042639,-143261.53036911914
-152051.13202750823,-142586.12073331125
-153123.61245086475,-143995.06127809602
-146174.09793877718,-145795.47990027262
-146654.0720438559,-145191.33182583464
-156606.53502571664,-143038.60996966332
-159651.6446838784,-139592.87758083106
-159066.1890416582,-147279.15386186348
-154396.97243947047,-143458.8963124604
-144271.66611003457,-142509.89680662664
-143446.93256012653,-142046.73217400932
-138095.56650267844,-144507.71073110742
-139158.66780847777,-152702.2883746914
-142696.9530340149,-141378.98375556502
-142121.17710472003,-145603.31385545753
-144916.01772849134,-146104.75381628601
-148594.7404340353,-145922.66845848778
-147752.3293783433,-140269.86485898928
-150389.47839191894,-137901.19166661004
-148975.21151158668,-139166.1058182876
-153741.8177498082,-141638.84153127158
-139035.72328941338,-139021.7755766247
-140740.23967362393,-141966.99125469523
-144090.42501346406,-141743.48054977861
-136041.17473416834,-139596.23934681783
-136210.14522733737,-139444.71237400128
-139502.430009919,-141403.70699083662
-137130.214526781,-141741.75220934575
-137216.83033311705,-143277.64402325675
-134454.3195204382,-139499.16736406894
-133011.49639375415,-138985.74855616057
-131667.77500205254,-139807.8905827455
-132753.19012506225,-142281.95870103667
-131356.3608159218,-143346.95598473077
-131820.44251634122,-140328.4386910544
-129794.75948281388,-145231.59591126977
-120545.34548161458,-148754.23834759975
-122083.10216329456,-140240.27966011653
-124362.96099386842,-140581.92785463907
-122305.91665455524,-145626.93171737826
-124028.29867424548,-139889.74615764042
-124875.07814439829,-144247.96453390463
-130597.72221380286,-146133.45601017395
-134095.1632276266,-140402.06478710138
-130712.79661708965,-144492.56368585947
-131876.6218238843,-141255.7551026117
-139565.22363882966,-141372.53558868158
-148854.3227328353,-142429.48156575978
-149918.91581706377,-140545.44977099443
-155987.48268283322,-139320.6550906322
-147214.9218461878,-139194.2392589419
-151538.7406451502,-138560.84846378252
-153353.4075488241,-143129.19250746624
-157911.12430970895,-140717.62255461485
-160867.42206448514,-140970.92157930837
-154665.13840849977,-142841.62528831456
-158903.62679097964,-145617.05399744117
-152147.4915643714,-138254.74006174097
-151585.86808059004,-137392.08280678265
-142449.91672633926,-143504.93404920553
-139127.7228755894,-145629.89557670956
-139766.10406374733,-140826.33879444253
-133413.1104363905,-140666.1360449897
-130843.94182044861,-144784.6152074962
-129678.43534480757,-147018.44440087618
-125804.06364424841,-144714.7480215686
-123098.22424759029,-148727.2731633824
-116931.43059462262,-145145.3345446928
-120473.61510089424,-142052.15121014684
-122912.05534491036,-144790.2318233839
-118749.35575318686,-143164.7561935704
-114890.99724523118,-139763.44363369816
-113834.0226389924,-145741.85343857767
-113324.99656262412,-139401.25436838472
-113937.87490258948,-149711.13215178854
-119964.03040124662,-139348.4432966638
-119849.95132720307,-150232.83434134195
-118313.88988301111,-140223.69364968926
-106261.3872904327,-147556.06455884417
-102298.14820316399,-138575.2857790348
-100871.45003531617,-142572.63402480193
-98018.27381691756,-148725.51807152072
-99903.69935403042,-140795.04307950469
-106302.7058875974,-151041.52662520175
-103621.99698816473,-144520.90455666394
-99244.29792439833,-142347.04467059948
-98776.31801774458,-147076.95391703502
-101401.28137772833,-143162.59256281564
-106754.7074441982,-142662.76388641517
-104284.12992311514,-143470.33663492475
-103865.06164574181,-142641.98466308764
-109555.78434550692,-142877.6797454387
-106730.00200942706,-143496.9598439227
-100890.66156295361,-145265.1510128536
-107265.68372165714,-143974.52794113453
-111720.81908091065,-147714.94423995336
-116567.65819834662,-142664.33249712572
-127635.3810920323,-146974.88945525326
-126496.03603754693,-145512.62496941467
-118468.09286968666,-146823.02490194293
-118532.83026863029,-146848.20101206325
-112989.93329472514,-148031.95827106485
-106182.24412317434,-143870.48764972953
-113512.25066622044,-143625.9855303121
-108734.14090199489,-147737.0693657521
-106233.9319630278,-150422.5826547094
-103523.71698744246,-149432.76605911355
-98739.206634779,-155024.08601595458
-106421.34196217661,-146227.01347426244
-108432.25280689681,-144001.6371439814
-112868.60337602918,-142717.80001843485
-110303.85764884145,-144959.85811446598
-115244.87484225119,-145133.68550317024
-110896.71755076142,-149162.9159434012
-109515.48495975079,-148006.74205709656
-111926.28682355885,-148484.0428877325
-117625.63352537144,-147586.50586127734
-115703.71855994,-144024.48868978652
-112339.099875569,-145124.54600397052
-106866.63650517596,-144920.45572956058
-104698.94445643667,-150192.71278499605
-109563.51048771432,-146938.34885583888
-103366.83099298878,-147575.25539233082
-95829.76981508476,-143251.67372573316
-97323.97739438212,-151622.13207910775
-98116.89043388085,-147643.81433259847
-91376.9425288596,-145910.95204216617
-91245.42445864098,-150045.74795720528
-93902.12069705513,-149168.8881025665
-90368.98692888604,-151901.90260320168
-89048.06937285175,-142409.41120055882
-91051.92559784034,-152021.1385297178
-87883.2124479533,-151005.50577409042
-81171.28527781402,-145824.7561912626
-82241.86644927587,-141966.89377881394
-82583.68112658511,-148955.0816661927
-82678.6333709046,-146852.74744636036
-75844.67971761839,-152434.81133290313
-71085.44217962818,-151407.34537652743
-69413.71892128862,-146814.62240571878
-70166.25452606031,-148620.90568292566
-69965.0583901148,-146830.91648548373
-65050.16410288296,-151842.41112205718
-58415.81166112714,-146225.26991312913
-48362.9493443782,-152506.3491485289
-49936.69210931519,-154743.2949268456
-54339.021697624936,-145368.48413381528
-58898.40745002497,-149337.38366742135
-64353.54660393926,-147452.0167039345
-64094.14729081036,-146457.77856759413
-64300.21482587105,-150859.06387408217
-59446.01973380905,-154055.22491950705
-58110.57041817752,-151138.8592278959
-60015.37124576676,-151111.72997248973
-63831.01850181213,-150556.7849737568
-63817.832686179434,-150538.11501884556
-66464.66578011413,-154122.82235875886
-66676.88774961059,-154049.53312778534
-70127.1946122502,-150732.472614597
-66234.85961196502,-152956.75495976594
-59900.95331057755,-155342.81930711196
-51852.83282666665,-151365.4745228121
-53712.43649886374,-153587.09235823416
-47994.00472224876,-152689.9980878664
-50138.13196909276,-156025.69870750667
-52859.05601281347,-151301.46821692376
-45631.72719910997,-149788.67206420825
-36057.49793614494,-153543.48970717567
-27845.839286313392,-151065.59686065497
-10138.88530047203,-151919.8081483452
-3480.883059577318,-149914.52188053116
-10530.543780600536,-150051.3233403862
-4349.724064840353,-155721.38873877187
-6689.527117042453,-152505.20244034776
-7708.459981067572,-152517.48318847307
-12270.087173835258,-154140.11607021044
-14726.279373198631,-156754.26244338535
-21341.000992257847,-155308.09769455952
-27358.723864472588,-159745.94889904337
-20451.070530631347,-153524.4067715326
-19693.668468423653,-159669.16390930547
-17482.81117347593,-154419.8611661133
-16570.48085173592,-156562.99003942794
-22807.693244264694,-153572.66605801196
-18503.87114919885,-148973.31226908692
-36277.51375185896,-152828.79300289988
-40859.294324897695,-155799.2945721337
-43493.449504941935,-156887.27144113608
-39315.38920696755,-153622.45478632674
-35178.51764672808,-153843.1298103263
-34336.97957156529,-161645.56238668246
-33621.37300030829,-152773.28112748644
-30332.194325011224,-157788.62490265843
-30518.678665822372,-155328.26668658736
-24183.721778024337,-154407.79393571342
-30706.175734684337,-148683.93137537318
-31904.33299594943,-153090.96349465044
-34725.09732328949,-148336.8975735033
-41852.15756935184,-151538.72725761682
-42033.254731077,-155146.09668737822
-43481.68803521001,-156119.65751140457
-46780.40257590858,-147936.36992525778
-46357.361496958416,-152842.75031551078
-47327.275915022474,-147042.65991362347
-52985.26697827864,-153176.18996740502
-57052.284534735605,-148312.35415851104
-50829.18293322041,-154446.92336375537
-53421.48543618177,-158778.2312894923
-45849.346687855315,-157213.09577465494
-53220.85984379228,-157826.34721153975
-50803.21232477063,-155569.49428676223
-59627.5242799609,-159107.3750170895
-64052.74428641959,-161777.54822369188
-65384.14098253788,-152871.0286666569
-58803.07101079356,-152571.70232048683
-64163.92799057264,-153750.6672557117
-60926.09192412102,-153004.912881319
-63171.7010659487,-158837.22317920532
-64671.12863984413,-154822.37780585676
-46683.774696184904,-154467.91981312676
-43658.31001269515,-155028.4251434632
-40225.075246838736,-149446.45552617862
-34450.75446972763,-150368.5433305005
-23288.369047872373,-159366.0970885308
-26780.548729689093,-155983.5626368524
-21336.51643970178,-157029.0120852147
-21778.5607169749,-158324.79715487477
-26137.832083021174,-155987.3163749467
-25746.824456789414,-160960.6815282017
-30551.059352139942,-158027.2725357783
-34749.15603350289,-160515.69334348675
-23296.160409010714,-153877.60892272927
-22664.123139309115,-155206.15049470315
-19793.624098638073,-159419.5348431414
-16075.525406648521,-156814.87697647393
-9449.813949584379,-155228.31591187452
-5054.30708461802,-159386.33456573385
-10612.264190797694,-155635.00645333374
-2280.907929951325,-160385.80088062678
5912.178841741406,-153115.8737437476
8885.373441736563,-157061.823717392
17394.049603587482,-159349.10489240993
6660.302529335022,-156580.5746229854
12316.83437479788,-164869.80378270635
6838.951891555567,-167692.7290287988
-9816.809996994212,-162266.09271656093
-11270.768082779134,-165067.45655635567
-6783.338858518866,-159849.14040655023
-11989.880381432013,-157454.38327468303
-821.2592749414034,-167336.51582983774
4723.284274763544,-159827.3540881169
9239.86734456534,-160701.10717802017
17342.31878320768,-158599.6997462651
18975.16855014756,-165219.40886718445
25686.438460523263,-158358.5883135301
12972.721850361675,-159576.63772091724
9776.197595467209,-164903.59134690548
15235.793315319577,-156820.2707221451
13104.586401068373,-164277.18365768713
6404.46535339742,-164834.06377493968
-4199.8661984563805,-159092.7313757567
-17952.619093410205,-164212.69786625289
-18845.78020674875,-158828.05507827463
-22191.342413924052,-164006.29516487892
-28353.987996982294,-159502.90042571307
-24977.46749405912,-162813.0041460368
-28479.94883163157,-165427.18365031996
-22570.925124568632,-160140.7588393905
-12196.721222929657,-162143.94004464455
-6928.675847025588,-160826.45540296944
2759.748190489714,-164198.1212783634
5373.104714239016,-164655.9123070158
527.1342273998307,-164791.22095292405
-16653.375075533055,-158378.74183238574
-11442.835070757428,-161596.64990463975
-11382.044413620839,-158295.2855600259
-16538.57459007774,-159408.84662874645
-16962.480149554904,-156840.35995150512
-2662.8421396556078,-162926.1257816228
-7428.368362313951,-166047.76583149022
-7451.100373378606,-161769.81761686862
-8374.12281918968,-160995.48678357416
-11020.873358800425,-161796.8316527477
-15762.323205748224,-166349.45580288852
-8741.914261852507,-152587.07515316328
-6720.030865197186,-159463.18130045643
-9173.56136804982,-161395.61482087785
-9668.472734093084,-158113.56055720345
-14163.09955104068,-163831.20925094688
-9235.244667129009,-157622.89035575086
-5136.844282525359,-157716.6986159355
3360.1434103430947,-164814.45058736464
2396.8373508421937,-159408.81462416414
8575.806606633822,-162958.58688875815
15406.027263478027,-154292.68831776612
15213.822901911219,-157184.34476160677
7659.1783600397175,-162589.18635464634
9907.435786444112,-166073.69413647804
23255.681831328315,-160706.7999468106
39319.99220945628,-160290.40109020408
50774.208196783904,-163742.94778494164
60981.56121754588,-163253.53006886542
53214.76795213239,-165028.4589666256
60389.67258264776,-169259.09942140226
62362.458556756144,-160636.26219904784
69005.14233632106,-162934.49889626307
71881.09151263279,-166928.3679135436
70921.12760424253,-162907.11088218793
74215.81803889934,-162960.40031915574
62709.37095793872,-165556.38969866897
63975.044375078985,-165274.83605443008
52361.57751765603,-165868.9322068904
47743.94251303619,-166057.1870440468
48187.21036967996,-157653.77737034758
42260.60200349556,-158136.8115131688
35849.883093032055,-159409.3485536515
35907.07033782883,-163049.3162958341
34387.42976235668,-158185.2429385203
34978.53454126313,-158365.45755086237
30791.613553837757,-159107.20306780367
33355.10542882397,-159230.55843627427
29920.916159080458,-167402.86969792467
29365.43294901296,-161380.21229288177
29176.488418640336,-164138.8272733872
33179.019424346276,-161331.68523064905
30047.91457988345,-158607.71437115298
30235.031937136664,-160865.8465725326
41003.20296835492,-157934.19556884666
38417.69387125864,-163623.1495965767
42091.1185326071,-158652.5019544133
23016.391160457395,-160018.41969913497
33245.45071873593,-159181.17228416403
40164.29438694613,-161609.59136807636
35510.04735887353,-161737.93057880556
33942.08772203117,-159974.33853171274
37011.57704225823,-161586.7691292602
40545.13480873511,-162565.994123273
36475.712184018106,-158392.3283033467
36873.1380079356,-160909.64874250494
41304.71091128839,-161707.61775816098
39015.3857907441,-160145.28908098678
42145.40006928786,-159056.62311456975
46055.724297642475,-160392.42606715905
53261.734367419616,-160210.969279743
52806.78149626916,-159932.06422243026
47911.9807285351,-159650.3764876753
50942.043161112815,-160671.35095446804
55170.47091497725,-167518.87326272414
59322.58312222466,-157914.59292926494
63211.63158395176,-162076.656078481
61466.785109379096,-165276.77804854448
53528.30240012123,-162007.9991780558
55998.541125902906,-161420.7339268724
62165.42620462389,-160812.85930944514
59584.79040931561,-158180.0222706623
67134.95622411324,-158991.03626116415
68396.750247158,-164601.13337872058
69351.5001269572,-165053.73391719523
73365.46408203407,-167559.07635080817
63365.02487532154,-163955.8506050393
66596.412642312,-163980.9592959728
64269.74270299694,-167736.4986670165
60721.192655506195,-172497.95198961018
59694.54192694451,-165790.565431078
65629.20538453478,-163809.83476318608
64727.382701951894,-156689.8120138439
65239.86294173589,-167874.99205279574
72358.03712066647,-161815.8273746269
81488.03229174658,-162453.38530721137
73872.74009807862,-164890.65805643366
72407.79942358332,-163737.5743761208
69084.84106958401,-161817.387580436
66299.21812804916,-160910.43208250214
59900.762469347916,-167387.2260798907
57637.96207941754,-164204.9024043413
56008.26926336717,-161387.0923108136
57516.1748204747,-162467.17102391832
59025.16825526883,-163063.41183479974
60979.71800760052,-162535.72079481327
56208.411216092994,-167833.33463161526
55770.49991635943,-166022.00325292003
57761.95605591277,-157845.38470621972
54354.28351439675,-163156.4697726036
48717.54191614827,-170001.60984125396
50201.96423197654,-165624.3183921108
49755.56500529207,-163742.70771376003
46098.06277417112,-168585.10385566662
52994.3104715806,-164301.45497035963
54700.796121324995,-161632.1880059463
42705.91297742096,-158110.9778180857
41519.5244144419,-170428.2345930529
48491.54554314399,-160971.8438075418
52318.161658896715,-171878.8204788381
46346.93817610876,-155957.6329776595
53445.05001999915,-160333.05080024406
60260.32780808024,-161805.5391702916
59704.19199931773,-165511.23542441145
60432.55036553356,-160843.20884814064
61026.78875138133,-161617.24881687184
60341.118521958706,-164948.6947822527
63278.24456545827,-161775.54809994728
61685.94841074734,-164561.48609350334
64689.50113688607,-162486.4002243974
72873.92821424583,-162637.50136065925
72577.08778852702,-162203.2364574931
70138.0598671399,-161272.03901692192
73787.45834884187,-161159.12442693822
76494.69820122514,-168012.71156419688
74640.81642405747,-165803.20464181277
66159.82399790047,-160314.4317218175
63481.78195904137,-164442.30335300675
62403.33457323827,-165987.8260619602
58202.08338005538,-158632.50883139297
47389.9572416069,-161825.63587846272
51195.01346730103,-158762.6947861879
52662.54165548785,-156375.39718312005
60575.270653930726,-165904.93211921837
61581.43882852234,-172396.9904950071
62487.49398350925,-161316.05094610376
59282.41030079534,-159950.8551150172
56198.05923435488,-160972.62806160553
55535.98998203548,-169513.83764266787
55304.32872634416,-163560.91377577587
59199.56927745731,-168623.55662422278
63510.32342071901,-164649.72403545567
64320.4484904689,-160578.48440491618
65616.33660971199,-168848.22311795474
72198.98588660697,-160460.23429284227
68194.28864623606,-166405.84338563296
68765.68156862911,-159879.67749282037
68861.12376064924,-167219.6081127348
64792.22345122439,-164031.97708328834
69277.47804154293,-164490.7282027781
61791.10821568535,-165834.85430077396
61410.91626781272,-164460.31571476543
57982.594292418915,-163021.8468721631
56370.93061766587,-166007.84629335415
69942.98504993354,-157880.70333088856
76161.06512118992,-165003.75067901384
76279.5654628881,-165562.1181590571
76685.02566288051,-168432.70960596588
69806.3085179656,-163342.611498632
62461.86183220742,-166907.947651836
70256.37949177832,-164083.33218521715
74236.10401541798,-168471.45065679273
67867.65916228574,-171353.42502255808
63775.71743314038,-167401.67054907687
70669.30418243515,-164245.41971993813
65617.8587606817,-169920.8168572711
62642.76334814157,-163477.38149202263
58158.810385435936,-162137.69486250158
60667.855951567995,-167299.3285675314
61479.711857379414,-159211.6197612838
55639.92655853566,-162594.81868412433
53664.99583405198,-159552.72542995118
61202.02647798939,-165679.72333072723
68205.69897569332,-160573.47105386472
72331.62485505734,-169497.3129069702
77094.89258892764,-164243.37777502585
76883.37353188405,-162924.23451738484
68535.79576214927,-165823.39475475517
58512.438604997005,-168371.51659179872
61663.73576790083,-161785.24102593606
65135.49684052495,-165373.3051538424
67851.99555018684,-166083.35916720127
77703.94708457508,-165466.9461593674
78012.4390783715,-163894.79411030342
88613.2859668081,-163495.68040720173
89128.398369667,-169191.27254976597
94797.90899799066,-172171.94186219532
91792.58137459366,-165086.4548626649
83735.01236753236,-159087.76516882266
86979.26184146595,-163465.9722725129
88422.96906467597,-154526.2503663405
84655.59867566777,-160892.7745043719
82313.3219574528,-164104.2953026768
82598.61356509826,-163555.61600213844
75908.69916807674,-161568.62641606742
79047.80682640849,-167349.13555304884
79310.22459595161,-166635.4794973474
83484.05184923136,-166453.1115777133
85286.35175085464,-161162.08636419408
82573.28836207767,-165069.1521445907
83593.54791182582,-167277.90655612346
84796.1077191343,-165039.83370707487
84271.53525421454,-168263.933132499
87995.17819240538,-160519.03122144757
83448.74553862563,-169936.05992776222
91987.47148399113,-161368.82073744232
96526.6675962134,-162999.5207849897
99723.92831027566,-170921.8437159148
99524.76776362746,-161753.99495575923
104283.1343386895,-163746.6205782843
101631.79163588153,-160465.83884825176
107986.44690655684,-163995.26974306692
110860.92652190092,-165541.95398692126
116069.50599410699,-160800.64778347738
121879.23483680654,-168389.90896160153
112360.04304772627,-171582.60205376087
119252.41468708136,-168716.58123850133
130634.99164031714,-166296.67365601868
128461.97653356253,-163829.72903700554
130824.0773058891,-167867.44879938193
126906.30443545501,-165055.6024642097
120166.98846275604,-169611.1522904384
113469.86558144493,-165545.48018661852
104426.55648084311,-163951.05756598111
109556.09793274279,-156778.84662351912
111822.0731180677,-165314.7405302731
112238.50941043254,-164998.0322986652
118820.45421900495,-163011.11903597237
127368.38279756985,-170054.10344996615
135764.02358997322,-164152.2797709314
140543.7409294491,-160961.770956817
140096.82197518076,-158390.3343538067
136514.53343152918,-166880.75197911155
136105.05599732697,-162930.6025190523
133012.23094824317,-165639.77983001995
131275.70751590864,-164387.01330691596
132682.71929527773,-164567.68811219203
125486.77600584971,-169206.4209598931
120028.45320366998,-164040.0190606308
107039.4527862526,-164610.7092849405
96553.60080476908,-163821.66802133052
96603.63069293823,-165875.87811220248
91068.33317918656,-169021.4628683094
90364.20135398512,-167026.2881561362
