SCR,Realized_Delta_BOF
"tensor(752942.2107, dtype=torch.float64)",1456587.1819803016
"tensor(741363.0254, dtype=torch.float64)",1491247.1778235838
"tensor(745096.5169, dtype=torch.float64)",1447645.8783756911
"tensor(762613.4075, dtype=torch.float64)",1419523.9299630881
"tensor(756635.7172, dtype=torch.float64)",1406066.3907960206
"tensor(745740.2821, dtype=torch.float64)",1411772.199430325
"tensor(737804.6327, dtype=torch.float64)",1417598.5969709372
"tensor(756853.6190, dtype=torch.float64)",1408608.2953810652
"tensor(736669.8158, dtype=torch.float64)",1419475.3471332728
"tensor(746154.5475, dtype=torch.float64)",1402426.089224808
"tensor(739467.1498, dtype=torch.float64)",1385068.4795418908
"tensor(758132.1351, dtype=torch.float64)",1396374.1289708372
"tensor(740052.9595, dtype=torch.float64)",1391512.3387038254
"tensor(743800.3897, dtype=torch.float64)",1397770.6302954226
"tensor(748060.5783, dtype=torch.float64)",1390270.1180602857
"tensor(746260.0791, dtype=torch.float64)",1400139.5540233538
"tensor(737918.4568, dtype=torch.float64)",1399573.7230743645
"tensor(732422.1044, dtype=torch.float64)",1386267.3190050002
"tensor(757216.6353, dtype=torch.float64)",1365284.0525134993
"tensor(751941.6050, dtype=torch.float64)",1368534.7666682333
"tensor(739968.7077, dtype=torch.float64)",1369078.7625942521
"tensor(747161.5705, dtype=torch.float64)",1338409.109024865
"tensor(759665.9340, dtype=torch.float64)",1324035.5153864536
"tensor(744696.1871, dtype=torch.float64)",1325295.5415101591
"tensor(740852.0380, dtype=torch.float64)",1357806.5689561828
"tensor(733349.7492, dtype=torch.float64)",1381814.7120777376
"tensor(738303.1338, dtype=torch.float64)",1375004.8835902757
"tensor(755061.8973, dtype=torch.float64)",1368976.2333210658
"tensor(747436.9776, dtype=torch.float64)",1368741.5234108267
"tensor(744308.0256, dtype=torch.float64)",1387890.2281517365
"tensor(741689.8729, dtype=torch.float64)",1371660.2871601067
"tensor(744001.9053, dtype=torch.float64)",1379607.6630144294
"tensor(742781.7928, dtype=torch.float64)",1378692.77220131
"tensor(748878.2900, dtype=torch.float64)",1376480.3598152606
"tensor(743618.7668, dtype=torch.float64)",1372049.08300016
"tensor(745300.1138, dtype=torch.float64)",1376586.5252402313
"tensor(739328.4104, dtype=torch.float64)",1377589.2666309788
"tensor(735990.3943, dtype=torch.float64)",1362286.043442396
"tensor(753518.4575, dtype=torch.float64)",1324718.8693441467
"tensor(740651.4648, dtype=torch.float64)",1288461.3852957215
"tensor(745880.5094, dtype=torch.float64)",1280155.4080332322
"tensor(714799.7477, dtype=torch.float64)",1212156.333440927
"tensor(738746.2960, dtype=torch.float64)",1184164.038847056
"tensor(753356.5120, dtype=torch.float64)",1201950.2898100573
"tensor(749995.3660, dtype=torch.float64)",1206677.981859048
"tensor(744862.1687, dtype=torch.float64)",1237053.7346875966
"tensor(741425.4755, dtype=torch.float64)",1195203.9243824985
"tensor(731017.8920, dtype=torch.float64)",1140120.532101304
"tensor(751389.4572, dtype=torch.float64)",1018718.1999612374
"tensor(735164.9152, dtype=torch.float64)",1032222.2095166083
"tensor(748068.5302, dtype=torch.float64)",996689.5333163831
"tensor(721602.4865, dtype=torch.float64)",880883.3876418961
"tensor(729602.6056, dtype=torch.float64)",941135.0196754029
"tensor(742779.9806, dtype=torch.float64)",826442.2759280503
"tensor(743837.4142, dtype=torch.float64)",804605.5608361269
"tensor(744165.5338, dtype=torch.float64)",742742.3242002374
"tensor(740875.7380, dtype=torch.float64)",791773.8138327674
"tensor(742155.7965, dtype=torch.float64)",772772.5670432693
"tensor(744336.5194, dtype=torch.float64)",713810.2761363842
"tensor(747276.6102, dtype=torch.float64)",803659.1698327697
"tensor(747377.7627, dtype=torch.float64)",857000.9762562612
"tensor(751930.5782, dtype=torch.float64)",895149.7922787594
"tensor(731471.3927, dtype=torch.float64)",862762.812269136
"tensor(730562.3597, dtype=torch.float64)",855540.4886197406
"tensor(763166.8195, dtype=torch.float64)",849982.4446875711
"tensor(742910.3534, dtype=torch.float64)",800912.6447121439
"tensor(748107.4426, dtype=torch.float64)",799276.840005011
"tensor(745717.3554, dtype=torch.float64)",802384.020174307
"tensor(738437.3097, dtype=torch.float64)",862010.6942594835
"tensor(713262.5404, dtype=torch.float64)",884771.738619806
"tensor(724401.8898, dtype=torch.float64)",904855.5737400295
"tensor(734328.2970, dtype=torch.float64)",937233.9782412646
"tensor(734784.9365, dtype=torch.float64)",917510.340870415
"tensor(733236.1910, dtype=torch.float64)",876292.6578950458
"tensor(730866.8431, dtype=torch.float64)",867801.1316527231
"tensor(743222.7478, dtype=torch.float64)",887763.5392207005
"tensor(723456.7001, dtype=torch.float64)",873316.2647850557
"tensor(702548.1658, dtype=torch.float64)",835859.6251557097
"tensor(726399.9547, dtype=torch.float64)",845426.0864471168
"tensor(728286.5076, dtype=torch.float64)",860799.3212152371
"tensor(742953.9561, dtype=torch.float64)",873450.2778419007
"tensor(725942.2151, dtype=torch.float64)",908844.8502713899
"tensor(732467.5790, dtype=torch.float64)",909544.6995455985
"tensor(727985.7783, dtype=torch.float64)",954695.8003530614
"tensor(722212.7362, dtype=torch.float64)",928424.1273834093
"tensor(715941.9108, dtype=torch.float64)",888921.5141469879
"tensor(739132.7935, dtype=torch.float64)",914762.7134156895
"tensor(725396.9029, dtype=torch.float64)",925969.543752823
"tensor(728985.4788, dtype=torch.float64)",963719.4335629182
"tensor(732164.9483, dtype=torch.float64)",952525.1296675556
"tensor(723549.1321, dtype=torch.float64)",950515.0201221129
"tensor(716805.9911, dtype=torch.float64)",927473.2989165634
"tensor(730935.7176, dtype=torch.float64)",895775.7868901062
"tensor(722544.6825, dtype=torch.float64)",899447.5866862007
"tensor(725832.0071, dtype=torch.float64)",897740.1293982837
"tensor(735683.4487, dtype=torch.float64)",933831.3232006574
"tensor(721134.6177, dtype=torch.float64)",945471.4767848254
"tensor(735404.5725, dtype=torch.float64)",963523.3289700035
"tensor(744166.9206, dtype=torch.float64)",962260.685261484
"tensor(732576.3584, dtype=torch.float64)",975476.375251234
"tensor(733809.0567, dtype=torch.float64)",986907.2915391434
"tensor(728081.0646, dtype=torch.float64)",1014352.0703412184
"tensor(733288.4957, dtype=torch.float64)",1041601.4211893217
"tensor(728048.8392, dtype=torch.float64)",1034252.0402167357
"tensor(723328.7314, dtype=torch.float64)",1008864.5345712639
"tensor(732319.9174, dtype=torch.float64)",1015328.1242725205
"tensor(732435.3385, dtype=torch.float64)",1030473.31117716
"tensor(724258.6362, dtype=torch.float64)",1048553.2018995349
"tensor(718700.3887, dtype=torch.float64)",1028680.1408996722
"tensor(742629.4880, dtype=torch.float64)",1052519.8276067774
"tensor(723988.4246, dtype=torch.float64)",1068635.2672886986
"tensor(718406.7833, dtype=torch.float64)",1042588.1333228146
"tensor(747812.9070, dtype=torch.float64)",1027237.2610146614
"tensor(718810.1095, dtype=torch.float64)",970513.2343057884
"tensor(737813.1079, dtype=torch.float64)",986260.1771565856
"tensor(732722.7813, dtype=torch.float64)",987138.2961968221
"tensor(737822.9990, dtype=torch.float64)",1007155.0509013098
"tensor(735237.0691, dtype=torch.float64)",1006574.298568164
"tensor(733980.6714, dtype=torch.float64)",1017762.0437571149
"tensor(719180.8896, dtype=torch.float64)",1021317.3499489818
"tensor(741665.6447, dtype=torch.float64)",1003421.4834635431
"tensor(712936.8375, dtype=torch.float64)",997143.2994137177
"tensor(735271.6934, dtype=torch.float64)",966020.0029578062
"tensor(736526.6619, dtype=torch.float64)",967674.5115054821
"tensor(729815.3599, dtype=torch.float64)",936855.2411184775
"tensor(723898.3790, dtype=torch.float64)",941233.4378515057
"tensor(729554.0049, dtype=torch.float64)",952411.9671801609
"tensor(720436.6160, dtype=torch.float64)",953747.8282745403
"tensor(722662.8846, dtype=torch.float64)",964244.7662867339
"tensor(720700.5794, dtype=torch.float64)",960976.9331340024
"tensor(731529.5523, dtype=torch.float64)",968164.3875431486
"tensor(731563.0203, dtype=torch.float64)",948886.9603594119
"tensor(710203.1788, dtype=torch.float64)",958195.7310205817
"tensor(710503.6858, dtype=torch.float64)",954498.5332570296
"tensor(733335.9571, dtype=torch.float64)",960886.252772701
"tensor(735997.0624, dtype=torch.float64)",963700.2906355278
"tensor(727032.6902, dtype=torch.float64)",967934.5080325513
"tensor(723940.6816, dtype=torch.float64)",986348.8452615142
"tensor(722056.4013, dtype=torch.float64)",972537.7456062579
"tensor(728088.7184, dtype=torch.float64)",964925.9251686931
"tensor(720495.8684, dtype=torch.float64)",955186.2232031552
"tensor(721465.3341, dtype=torch.float64)",967624.6000864021
"tensor(735637.0133, dtype=torch.float64)",962159.707867448
"tensor(716963.9326, dtype=torch.float64)",961018.1868775744
"tensor(731929.6725, dtype=torch.float64)",949465.0347161518
"tensor(721008.3891, dtype=torch.float64)",950901.7156988452
"tensor(728268.4894, dtype=torch.float64)",958723.0260621681
"tensor(729084.4762, dtype=torch.float64)",980740.3886105005
"tensor(723845.8962, dtype=torch.float64)",989613.61013222
"tensor(729248.0989, dtype=torch.float64)",972789.4953938195
"tensor(722532.5893, dtype=torch.float64)",989989.091922213
"tensor(731253.1999, dtype=torch.float64)",971214.258689436
"tensor(737610.2048, dtype=torch.float64)",983614.7205015216
"tensor(726791.5857, dtype=torch.float64)",992178.4978553774
"tensor(728042.3579, dtype=torch.float64)",990782.967644788
"tensor(717922.2661, dtype=torch.float64)",1013091.5649234557
"tensor(727173.5960, dtype=torch.float64)",1006805.9262435518
"tensor(727830.8556, dtype=torch.float64)",998939.5894236383
"tensor(731760.7377, dtype=torch.float64)",983324.6856833473
"tensor(729547.2647, dtype=torch.float64)",975668.4338309839
"tensor(725134.3703, dtype=torch.float64)",965079.1596682868
"tensor(724807.3795, dtype=torch.float64)",954897.5333695424
"tensor(727658.2844, dtype=torch.float64)",967076.9346282238
"tensor(735225.9188, dtype=torch.float64)",953230.662510913
"tensor(737608.5902, dtype=torch.float64)",958228.0518182899
"tensor(732778.3732, dtype=torch.float64)",964929.1219929681
"tensor(714022.5510, dtype=torch.float64)",954856.8838036744
"tensor(735986.5064, dtype=torch.float64)",958029.0427731031
"tensor(723849.8042, dtype=torch.float64)",954013.9353991047
"tensor(728944.3234, dtype=torch.float64)",955546.4423721451
"tensor(731697.9298, dtype=torch.float64)",945365.7194416826
"tensor(730985.6208, dtype=torch.float64)",933254.8904074671
"tensor(724794.2029, dtype=torch.float64)",944797.8135255502
"tensor(727320.5208, dtype=torch.float64)",917037.5698443191
"tensor(732638.3010, dtype=torch.float64)",918362.5038260111
"tensor(717483.7409, dtype=torch.float64)",919904.6163254875
"tensor(741040.8315, dtype=torch.float64)",908472.4301016005
"tensor(730195.2796, dtype=torch.float64)",907960.0885489094
"tensor(731299.3854, dtype=torch.float64)",912353.5180453699
"tensor(717367.1525, dtype=torch.float64)",915021.9290367959
"tensor(730233.8243, dtype=torch.float64)",930603.5595761547
"tensor(735052.1537, dtype=torch.float64)",912738.9083603933
"tensor(722333.7892, dtype=torch.float64)",902120.3380510777
"tensor(731497.1256, dtype=torch.float64)",883596.3337063295
"tensor(719717.0789, dtype=torch.float64)",888446.6648630557
"tensor(734351.0178, dtype=torch.float64)",883739.728621103
"tensor(728941.6045, dtype=torch.float64)",865954.341472503
"tensor(726377.9317, dtype=torch.float64)",891914.6991097201
"tensor(727913.5172, dtype=torch.float64)",923511.6879179978
"tensor(736082.5530, dtype=torch.float64)",924013.8391451106
"tensor(722971.6490, dtype=torch.float64)",952689.4571247321
"tensor(744743.9561, dtype=torch.float64)",964338.3924342418
"tensor(733391.7645, dtype=torch.float64)",966119.3295368655
"tensor(734868.1467, dtype=torch.float64)",973471.9956155376
"tensor(727341.1868, dtype=torch.float64)",975260.2848706576
"tensor(737853.0021, dtype=torch.float64)",975744.4571626508
"tensor(719582.5045, dtype=torch.float64)",989449.8950422283
"tensor(747357.0833, dtype=torch.float64)",972201.7198633985
"tensor(730024.6763, dtype=torch.float64)",977984.9649375136
"tensor(720662.6125, dtype=torch.float64)",965536.6853670309
"tensor(727125.2410, dtype=torch.float64)",965219.8540617556
"tensor(716272.1160, dtype=torch.float64)",956409.8514142635
"tensor(744683.0448, dtype=torch.float64)",959734.1970011526
"tensor(723319.9236, dtype=torch.float64)",944162.4151293951
"tensor(743443.6481, dtype=torch.float64)",947990.070000978
"tensor(722313.4896, dtype=torch.float64)",933220.9576858548
"tensor(728789.2272, dtype=torch.float64)",936534.8600382181
"tensor(720606.3301, dtype=torch.float64)",940355.3114459179
"tensor(728952.1796, dtype=torch.float64)",914169.9894612415
"tensor(722418.1732, dtype=torch.float64)",901784.903172102
"tensor(733443.4086, dtype=torch.float64)",882804.6915258787
"tensor(730272.0398, dtype=torch.float64)",886768.8229388952
"tensor(725071.7281, dtype=torch.float64)",872241.3629768068
"tensor(726394.1777, dtype=torch.float64)",886612.4634243128
"tensor(723579.2703, dtype=torch.float64)",893454.7245409976
"tensor(726960.7811, dtype=torch.float64)",921333.5529953348
"tensor(729799.7354, dtype=torch.float64)",938840.7989458549
"tensor(722046.9821, dtype=torch.float64)",934627.9909000298
"tensor(728521.1681, dtype=torch.float64)",959979.9473948859
"tensor(728347.4790, dtype=torch.float64)",964396.061203119
"tensor(729855.8058, dtype=torch.float64)",964956.5639005891
"tensor(726908.8326, dtype=torch.float64)",958344.3670730983
"tensor(738418.3447, dtype=torch.float64)",970105.8229995318
"tensor(719094.2007, dtype=torch.float64)",992329.022621193
"tensor(728916.5052, dtype=torch.float64)",992836.9829480026
"tensor(721898.3306, dtype=torch.float64)",999656.9119729456
"tensor(714210.7405, dtype=torch.float64)",1011770.3520082519
"tensor(723381.4429, dtype=torch.float64)",1003231.8972800309
"tensor(729715.7185, dtype=torch.float64)",998529.9727642911
"tensor(738852.6542, dtype=torch.float64)",1001592.317984642
"tensor(723460.3474, dtype=torch.float64)",991008.7170499328
"tensor(712036.3551, dtype=torch.float64)",987419.7775269964
"tensor(725350.9036, dtype=torch.float64)",991160.8669277715
"tensor(723112.0536, dtype=torch.float64)",996030.597269789
"tensor(720477.9685, dtype=torch.float64)",1013928.483917093
"tensor(724368.3097, dtype=torch.float64)",1005094.3197235436
"tensor(709559.4853, dtype=torch.float64)",1007850.4459453956
"tensor(716388.7684, dtype=torch.float64)",1007487.4252636572
"tensor(718662.2912, dtype=torch.float64)",1005899.5018775776
"tensor(720095.2877, dtype=torch.float64)",1013274.6516511373
"tensor(718977.4650, dtype=torch.float64)",1008180.2973932556
"tensor(712283.0045, dtype=torch.float64)",1004216.6159691476
"tensor(720923.8504, dtype=torch.float64)",1002521.5123472679
"tensor(734027.6836, dtype=torch.float64)",985849.7459129648
"tensor(713578.0549, dtype=torch.float64)",1000531.3168839165
"tensor(709276.1110, dtype=torch.float64)",1005537.5194827159
"tensor(723313.6817, dtype=torch.float64)",1004010.2797266237
"tensor(716424.9607, dtype=torch.float64)",991070.8411050118
"tensor(720994.3798, dtype=torch.float64)",988863.0053534695
"tensor(728579.2805, dtype=torch.float64)",994414.6305707996
"tensor(716502.8226, dtype=torch.float64)",1002350.4571192609
"tensor(719675.8804, dtype=torch.float64)",1009926.6763624253
"tensor(729556.4915, dtype=torch.float64)",1010610.2119438598
"tensor(718050.8956, dtype=torch.float64)",1015858.0249575686
"tensor(713243.8254, dtype=torch.float64)",1012013.5936444292
"tensor(714350.9442, dtype=torch.float64)",1023392.9108249382
"tensor(712400.7685, dtype=torch.float64)",1009660.545576077
"tensor(719870.1731, dtype=torch.float64)",1003123.9991210381
"tensor(709948.9610, dtype=torch.float64)",1000163.3629409854
"tensor(714509.3891, dtype=torch.float64)",1010227.6558880678
"tensor(733857.0596, dtype=torch.float64)",1012655.6431525813
"tensor(710890.0579, dtype=torch.float64)",1013218.3130016747
"tensor(728765.4719, dtype=torch.float64)",1012060.9936834708
"tensor(706296.5642, dtype=torch.float64)",1003992.4531062101
"tensor(721485.3075, dtype=torch.float64)",1000210.2695914623
"tensor(725966.7100, dtype=torch.float64)",991612.6653959422
"tensor(713114.2768, dtype=torch.float64)",993562.1946156103
"tensor(733428.5407, dtype=torch.float64)",987644.2932802155
"tensor(704444.6935, dtype=torch.float64)",1004362.749304217
"tensor(716595.5633, dtype=torch.float64)",1011222.2560238658
"tensor(721594.7452, dtype=torch.float64)",1012960.620116538
"tensor(722261.8966, dtype=torch.float64)",1001112.1774516747
"tensor(723073.2961, dtype=torch.float64)",1016936.9119551692
"tensor(721192.2152, dtype=torch.float64)",1019834.3910564776
"tensor(727177.2838, dtype=torch.float64)",1027858.1465473769
"tensor(722626.8123, dtype=torch.float64)",1018504.9299688935
"tensor(717000.7539, dtype=torch.float64)",1026957.6423737376
"tensor(715205.3418, dtype=torch.float64)",1047441.6771797579
"tensor(717307.5945, dtype=torch.float64)",1047586.3761075117
"tensor(715401.5593, dtype=torch.float64)",1065387.6145179444
"tensor(724372.6035, dtype=torch.float64)",1058736.9164340324
"tensor(708929.7510, dtype=torch.float64)",1051000.5291028204
"tensor(722993.5418, dtype=torch.float64)",1053642.590002289
"tensor(714033.3478, dtype=torch.float64)",1048912.8779277694
"tensor(716190.5080, dtype=torch.float64)",1052312.1674171952
"tensor(718488.3572, dtype=torch.float64)",1048917.4440655324
"tensor(721885.0978, dtype=torch.float64)",1060009.4028420579
"tensor(698549.9475, dtype=torch.float64)",1052295.7378077777
"tensor(709785.5768, dtype=torch.float64)",1048130.1302339716
"tensor(714113.6137, dtype=torch.float64)",1051502.7365158908
"tensor(725830.2075, dtype=torch.float64)",1086703.2652077912
"tensor(723421.5724, dtype=torch.float64)",1106637.0424126685
"tensor(720357.3423, dtype=torch.float64)",1100936.1284918669
"tensor(722352.4338, dtype=torch.float64)",1164259.1876046038
"tensor(718979.4618, dtype=torch.float64)",1178553.6824664702
"tensor(717841.7482, dtype=torch.float64)",1161232.1777212613
"tensor(716373.9392, dtype=torch.float64)",1191963.0751510554
"tensor(724279.5483, dtype=torch.float64)",1179470.3319961657
"tensor(705588.3420, dtype=torch.float64)",1208248.6447990332
"tensor(736321.9045, dtype=torch.float64)",1253794.9661229718
"tensor(725302.3313, dtype=torch.float64)",1383846.8437901647
"tensor(727101.3423, dtype=torch.float64)",1371664.4233741683
"tensor(777421.6224, dtype=torch.float64)",1430075.5370709926
"tensor(757538.1402, dtype=torch.float64)",1616347.0024993138
"tensor(774771.4053, dtype=torch.float64)",1549144.6585967499
"tensor(785497.6490, dtype=torch.float64)",1776300.1149894532
"tensor(787694.7964, dtype=torch.float64)",1831028.640792056
"tensor(805225.2952, dtype=torch.float64)",2022763.849655747
"tensor(783879.2044, dtype=torch.float64)",1907065.339761024
"tensor(792067.5622, dtype=torch.float64)",1908589.5708479418
"tensor(777685.7434, dtype=torch.float64)",2064048.332844629
"tensor(780096.6122, dtype=torch.float64)",1850126.5893838478
"tensor(792469.2427, dtype=torch.float64)",1715421.7871587775
"tensor(784667.9161, dtype=torch.float64)",1620055.5048645714
"tensor(789167.4429, dtype=torch.float64)",1697103.6729267214
"tensor(791803.2863, dtype=torch.float64)",1705845.7562842455
"tensor(810205.2492, dtype=torch.float64)",1719771.782054242
"tensor(787371.8777, dtype=torch.float64)",1844819.865948263
"tensor(792656.5885, dtype=torch.float64)",1843621.4936999097
"tensor(785811.8466, dtype=torch.float64)",1884481.8317704082
"tensor(785283.2963, dtype=torch.float64)",1756814.3050778257
"tensor(786021.2448, dtype=torch.float64)",1709926.7795842718
"tensor(783597.8029, dtype=torch.float64)",1683235.8610991458
"tensor(795960.4534, dtype=torch.float64)",1624279.3218403356
"tensor(800346.5208, dtype=torch.float64)",1650401.3217837913
"tensor(788100.5670, dtype=torch.float64)",1742749.7405509152
"tensor(808015.1533, dtype=torch.float64)",1731657.1009589222
"tensor(796342.9550, dtype=torch.float64)",1681212.3569686199
"tensor(784360.6287, dtype=torch.float64)",1716465.40960933
"tensor(778348.5927, dtype=torch.float64)",1778953.9711057683
"tensor(791632.9378, dtype=torch.float64)",1718232.505199077
"tensor(793805.9064, dtype=torch.float64)",1691958.835776739
"tensor(781196.1964, dtype=torch.float64)",1690794.204002424
"tensor(782705.2407, dtype=torch.float64)",1637656.7330875206
"tensor(775240.6139, dtype=torch.float64)",1638266.2982016646
"tensor(772012.9092, dtype=torch.float64)",1586451.4263964267
"tensor(799061.3244, dtype=torch.float64)",1645748.3118783908
"tensor(800570.8237, dtype=torch.float64)",1724462.1315858504
"tensor(810890.1198, dtype=torch.float64)",1689920.089566838
"tensor(802962.9253, dtype=torch.float64)",1666590.1176051318
"tensor(791244.7822, dtype=torch.float64)",1604734.7190598273
"tensor(792282.2991, dtype=torch.float64)",1627708.5687056659
"tensor(801854.7118, dtype=torch.float64)",1623670.2321369098
"tensor(788002.6614, dtype=torch.float64)",1655337.7762460948
"tensor(788122.2939, dtype=torch.float64)",1701762.3760022514
"tensor(800561.7278, dtype=torch.float64)",1670321.821458476
"tensor(794670.4285, dtype=torch.float64)",1633220.0346374665
"tensor(783253.9620, dtype=torch.float64)",1584174.4144920318
"tensor(804977.9562, dtype=torch.float64)",1607455.3306110376
"tensor(795332.4362, dtype=torch.float64)",1578165.86942929
"tensor(773531.1662, dtype=torch.float64)",1576738.9594598294
"tensor(782337.2029, dtype=torch.float64)",1547085.1514625165
"tensor(778564.8469, dtype=torch.float64)",1563388.9640581214
"tensor(774114.8743, dtype=torch.float64)",1526015.2930510484
"tensor(781882.1916, dtype=torch.float64)",1521649.6667848725
"tensor(783854.4821, dtype=torch.float64)",1531235.793285212
"tensor(787700.3108, dtype=torch.float64)",1558424.15847814
"tensor(804838.5949, dtype=torch.float64)",1547481.8143730736
"tensor(782979.9790, dtype=torch.float64)",1540760.0769867788
"tensor(792459.5427, dtype=torch.float64)",1500170.1872105207
"tensor(783748.8920, dtype=torch.float64)",1532463.4776120377
"tensor(780247.1027, dtype=torch.float64)",1491763.6986406115
"tensor(787120.0731, dtype=torch.float64)",1473857.6598265346
"tensor(773286.4861, dtype=torch.float64)",1506240.6883084436
"tensor(783863.2216, dtype=torch.float64)",1531901.3219744267
"tensor(795354.8863, dtype=torch.float64)",1637619.2944203115
"tensor(797036.7248, dtype=torch.float64)",1592706.4204062338
"tensor(804582.7179, dtype=torch.float64)",1575341.1940851843
"tensor(783672.8776, dtype=torch.float64)",1563298.0608070972
"tensor(789167.6602, dtype=torch.float64)",1565229.6912269844
"tensor(778336.6854, dtype=torch.float64)",1557524.7000486676
"tensor(765235.4437, dtype=torch.float64)",1562517.4574987662
"tensor(788518.1957, dtype=torch.float64)",1586459.8193236864
"tensor(794856.9816, dtype=torch.float64)",1569010.0382662897
"tensor(802629.3209, dtype=torch.float64)",1625400.158711812
"tensor(789389.1841, dtype=torch.float64)",1607687.0866794805
"tensor(795400.8650, dtype=torch.float64)",1647858.1005369306
"tensor(791898.4126, dtype=torch.float64)",1642928.4586009968
"tensor(795807.5641, dtype=torch.float64)",1629446.7445224004
"tensor(796272.7046, dtype=torch.float64)",1626839.9387103235
"tensor(783224.6539, dtype=torch.float64)",1623391.1324682685
"tensor(797994.6371, dtype=torch.float64)",1620499.0640606903
"tensor(790956.7312, dtype=torch.float64)",1619661.583513091
"tensor(799358.6545, dtype=torch.float64)",1670566.3937902339
"tensor(799096.1645, dtype=torch.float64)",1652155.1568542565
"tensor(791577.4680, dtype=torch.float64)",1668319.3161260176
"tensor(805122.6633, dtype=torch.float64)",1661669.9259887538
"tensor(812664.4169, dtype=torch.float64)",1628659.3787083032
"tensor(785729.6639, dtype=torch.float64)",1645864.9539459005
"tensor(793853.6303, dtype=torch.float64)",1635680.2294551393
"tensor(792403.3973, dtype=torch.float64)",1634002.0905153889
"tensor(786010.7076, dtype=torch.float64)",1619749.451330896
"tensor(781775.3523, dtype=torch.float64)",1611537.6083180197
"tensor(786859.3978, dtype=torch.float64)",1587887.8410688327
"tensor(797442.4676, dtype=torch.float64)",1562231.2875986516
"tensor(801139.0984, dtype=torch.float64)",1600928.9225150268
"tensor(801498.5055, dtype=torch.float64)",1654447.1829317377
"tensor(783660.5790, dtype=torch.float64)",1706833.9193055788
"tensor(787083.5754, dtype=torch.float64)",1724224.1287360296
"tensor(785843.1869, dtype=torch.float64)",1714360.0717353488
"tensor(788047.1847, dtype=torch.float64)",1739512.231956107
"tensor(798010.3490, dtype=torch.float64)",1758399.8630109092
"tensor(785963.0851, dtype=torch.float64)",1743182.8888559071
"tensor(784191.9956, dtype=torch.float64)",1741422.0135368486
"tensor(795668.0500, dtype=torch.float64)",1739360.0683167872
"tensor(794053.4903, dtype=torch.float64)",1752628.3360406386
"tensor(795727.5060, dtype=torch.float64)",1762179.093988516
"tensor(788595.4386, dtype=torch.float64)",1761124.7935277577
"tensor(794913.3966, dtype=torch.float64)",1772429.3804656458
"tensor(783268.5903, dtype=torch.float64)",1752467.5048685044
"tensor(804318.0317, dtype=torch.float64)",1763065.212034763
"tensor(789850.0721, dtype=torch.float64)",1767762.4516485755
"tensor(804129.1151, dtype=torch.float64)",1766173.4704093074
"tensor(782829.8915, dtype=torch.float64)",1782768.9805557579
"tensor(792959.0349, dtype=torch.float64)",1768070.8118419151
"tensor(784105.4359, dtype=torch.float64)",1782061.6743506766
"tensor(809370.2165, dtype=torch.float64)",1760216.6308125958
"tensor(805205.3808, dtype=torch.float64)",1714260.2432629783
"tensor(782782.6880, dtype=torch.float64)",1740501.7169325503
"tensor(796098.9706, dtype=torch.float64)",1734643.6986543473
"tensor(785831.9019, dtype=torch.float64)",1738827.7278095835
"tensor(798443.0285, dtype=torch.float64)",1759282.5547666259
"tensor(800335.0834, dtype=torch.float64)",1758552.006264011
"tensor(794635.5555, dtype=torch.float64)",1763686.8698286393
"tensor(823944.2300, dtype=torch.float64)",1738674.0035427192
"tensor(807362.1262, dtype=torch.float64)",1789778.1483830113
"tensor(811134.5372, dtype=torch.float64)",1808702.2040413034
"tensor(794544.8857, dtype=torch.float64)",1797474.9816469373
"tensor(808133.2019, dtype=torch.float64)",1811143.2870044296
"tensor(805160.9639, dtype=torch.float64)",1808856.8950375707
"tensor(786137.5550, dtype=torch.float64)",1783168.891217323
"tensor(794477.3146, dtype=torch.float64)",1763934.3604160147
"tensor(778870.6339, dtype=torch.float64)",1755834.8594955723
"tensor(810212.0535, dtype=torch.float64)",1772376.1049010758
"tensor(799145.2411, dtype=torch.float64)",1783732.9788210522
"tensor(792841.2959, dtype=torch.float64)",1812812.6117281748
"tensor(799967.7146, dtype=torch.float64)",1825332.1943534657
"tensor(802662.1170, dtype=torch.float64)",1850766.8476210835
"tensor(799585.2990, dtype=torch.float64)",1869824.7682423247
"tensor(800602.6287, dtype=torch.float64)",1773805.6508985911
"tensor(796900.6896, dtype=torch.float64)",1746812.2002682884
"tensor(801434.9543, dtype=torch.float64)",1784983.0481418346
"tensor(805273.1029, dtype=torch.float64)",1794565.503839196
"tensor(787493.0263, dtype=torch.float64)",1748873.8831690282
"tensor(791646.5557, dtype=torch.float64)",1725828.232855637
"tensor(802663.3270, dtype=torch.float64)",1667372.8151043078
"tensor(785699.7915, dtype=torch.float64)",1690899.4474400969
"tensor(789627.9024, dtype=torch.float64)",1684921.0653073417
"tensor(796181.3752, dtype=torch.float64)",1664280.3307898121
"tensor(786469.8943, dtype=torch.float64)",1635300.6814166226
"tensor(790921.9700, dtype=torch.float64)",1665091.393057522
"tensor(785099.9168, dtype=torch.float64)",1665856.2736401965
"tensor(796113.8811, dtype=torch.float64)",1695361.824111951
"tensor(783681.1721, dtype=torch.float64)",1708557.5191757088
"tensor(801170.8815, dtype=torch.float64)",1702155.4033872471
"tensor(804835.7509, dtype=torch.float64)",1731209.0444687572
"tensor(795779.3518, dtype=torch.float64)",1750600.719137171
"tensor(788270.5792, dtype=torch.float64)",1789030.8520020458
"tensor(795785.8706, dtype=torch.float64)",1778021.6687185771
"tensor(792083.4012, dtype=torch.float64)",1769008.2729193077
"tensor(784226.1712, dtype=torch.float64)",1830951.2889613272
"tensor(808160.4188, dtype=torch.float64)",1871311.3653849775
"tensor(782612.6437, dtype=torch.float64)",1949305.5891726464
"tensor(808135.4599, dtype=torch.float64)",1963073.3783918659
"tensor(809686.0157, dtype=torch.float64)",1991452.6776606473
"tensor(772867.3047, dtype=torch.float64)",1971397.7219527352
"tensor(797056.1983, dtype=torch.float64)",1928212.6937865096
"tensor(789847.5868, dtype=torch.float64)",1890014.3644902343
"tensor(795217.2288, dtype=torch.float64)",1859118.819156871
"tensor(788096.1088, dtype=torch.float64)",1863026.4086998454
"tensor(790870.1522, dtype=torch.float64)",1825521.0619456256
"tensor(812961.8039, dtype=torch.float64)",1823644.1297107602
"tensor(779225.8742, dtype=torch.float64)",1834005.0968271235
"tensor(809377.4418, dtype=torch.float64)",1850117.3685124882
"tensor(779422.8645, dtype=torch.float64)",1820585.8363210578
"tensor(794863.7591, dtype=torch.float64)",1792605.285021048
"tensor(787693.3945, dtype=torch.float64)",1774393.5391091167
"tensor(788542.4172, dtype=torch.float64)",1793292.0674703596
"tensor(798419.8302, dtype=torch.float64)",1798570.1808083323
"tensor(802616.8805, dtype=torch.float64)",1808989.245797691
"tensor(789646.8302, dtype=torch.float64)",1806071.445429519
"tensor(776507.5673, dtype=torch.float64)",1795347.2291278855
"tensor(774454.8242, dtype=torch.float64)",1794538.0973567085
"tensor(774943.5637, dtype=torch.float64)",1797690.2589243744
"tensor(785669.7360, dtype=torch.float64)",1797809.0751286375
"tensor(790059.6361, dtype=torch.float64)",1777357.5306900234
"tensor(785233.1893, dtype=torch.float64)",1771621.9558417834
"tensor(768261.5098, dtype=torch.float64)",1772767.0632990878
"tensor(778570.2070, dtype=torch.float64)",1693062.901062157
"tensor(788058.8436, dtype=torch.float64)",1717677.7603747027
"tensor(765359.9027, dtype=torch.float64)",1692287.5829297982
"tensor(777857.5254, dtype=torch.float64)",1677139.7668317764
"tensor(781292.0801, dtype=torch.float64)",1685982.9741420501
"tensor(777362.1827, dtype=torch.float64)",1665909.97865254
"tensor(795670.0390, dtype=torch.float64)",1662224.0525790253
"tensor(772798.2180, dtype=torch.float64)",1708593.7215606275
"tensor(789550.4818, dtype=torch.float64)",1678358.47764351
"tensor(785270.2333, dtype=torch.float64)",1650688.4289676866
"tensor(781528.3903, dtype=torch.float64)",1618884.2154938688
"tensor(781611.7372, dtype=torch.float64)",1651190.3500891004
"tensor(793035.7655, dtype=torch.float64)",1653896.5489558221
"tensor(805887.6677, dtype=torch.float64)",1645139.0063647735
"tensor(787233.4902, dtype=torch.float64)",1594524.3821530668
"tensor(788652.3711, dtype=torch.float64)",1624788.810722818
"tensor(790420.6026, dtype=torch.float64)",1654782.4278617364
"tensor(784392.8996, dtype=torch.float64)",1661104.958197941
"tensor(766821.5086, dtype=torch.float64)",1665730.4810613538
"tensor(781837.1487, dtype=torch.float64)",1638545.8545133106
"tensor(787821.5907, dtype=torch.float64)",1659717.685483685
"tensor(790313.3208, dtype=torch.float64)",1656235.926354152
"tensor(766326.5316, dtype=torch.float64)",1596672.4681979879
"tensor(779922.0372, dtype=torch.float64)",1577267.1087874826
"tensor(776672.7330, dtype=torch.float64)",1551677.374830563
"tensor(794967.8573, dtype=torch.float64)",1531695.7403754967
"tensor(789509.3286, dtype=torch.float64)",1561412.071930711
"tensor(789541.9755, dtype=torch.float64)",1565996.9436112933
"tensor(785032.1375, dtype=torch.float64)",1528135.7070402969
"tensor(782076.6806, dtype=torch.float64)",1519588.5372426661
"tensor(772208.6101, dtype=torch.float64)",1523964.485669431
"tensor(784173.1898, dtype=torch.float64)",1494242.2110699406
"tensor(771324.7624, dtype=torch.float64)",1473530.0059735668
"tensor(801797.7511, dtype=torch.float64)",1469294.4867882838
"tensor(781623.4686, dtype=torch.float64)",1447071.506230338
"tensor(777195.3772, dtype=torch.float64)",1413318.8796166284
"tensor(790140.0719, dtype=torch.float64)",1390718.678897239
"tensor(762859.6889, dtype=torch.float64)",1413336.6902706916
"tensor(785625.8262, dtype=torch.float64)",1424686.1873602173
"tensor(776010.8270, dtype=torch.float64)",1446473.9734002862
"tensor(784901.5621, dtype=torch.float64)",1455321.2369259123
"tensor(795919.4328, dtype=torch.float64)",1424486.7757255624
"tensor(774884.7838, dtype=torch.float64)",1438849.5387669497
"tensor(789780.5900, dtype=torch.float64)",1367399.5250470857
"tensor(768766.1475, dtype=torch.float64)",1352026.6346624882
"tensor(788244.8229, dtype=torch.float64)",1357151.6629852203
"tensor(766470.7525, dtype=torch.float64)",1339887.1192238918
"tensor(783059.2885, dtype=torch.float64)",1368732.6034205747
"tensor(790394.4147, dtype=torch.float64)",1348928.9087121214
"tensor(778267.8697, dtype=torch.float64)",1322512.8516161172
"tensor(778215.1874, dtype=torch.float64)",1299014.3834496906
"tensor(767939.3837, dtype=torch.float64)",1319523.791042873
"tensor(787330.3327, dtype=torch.float64)",1332433.6378123441
"tensor(770473.9122, dtype=torch.float64)",1310362.7712037822
"tensor(778504.1876, dtype=torch.float64)",1298287.8909528088
"tensor(775035.3411, dtype=torch.float64)",1303349.383484876
"tensor(761841.4750, dtype=torch.float64)",1307738.3264379737
"tensor(757837.7011, dtype=torch.float64)",1284495.3367987156
"tensor(783943.1943, dtype=torch.float64)",1308322.6877141062
"tensor(775532.7105, dtype=torch.float64)",1350008.3334890052
"tensor(765774.9965, dtype=torch.float64)",1318213.2944784032
"tensor(766352.1179, dtype=torch.float64)",1282401.8962516023
"tensor(768492.1309, dtype=torch.float64)",1315576.9015411064
"tensor(767509.9741, dtype=torch.float64)",1293494.1561618107
"tensor(760738.9630, dtype=torch.float64)",1270529.1999834878
"tensor(755527.0183, dtype=torch.float64)",1207072.8766545304
"tensor(748985.4528, dtype=torch.float64)",1198077.7568918185
"tensor(744964.1711, dtype=torch.float64)",1233222.5591615038
"tensor(743766.0323, dtype=torch.float64)",1203773.8509319227
"tensor(751869.6154, dtype=torch.float64)",1216658.714851711
"tensor(748851.6443, dtype=torch.float64)",1192682.1849310305
"tensor(743018.8739, dtype=torch.float64)",1180811.4371926612
"tensor(723683.2453, dtype=torch.float64)",1235463.6562189525
"tensor(727542.0074, dtype=torch.float64)",1262296.933499898
"tensor(762178.2613, dtype=torch.float64)",1287659.8187161603
"tensor(743470.6995, dtype=torch.float64)",1269926.0077277382
"tensor(740679.3030, dtype=torch.float64)",1294933.798847739
"tensor(750707.8606, dtype=torch.float64)",1270389.9416462071
"tensor(767235.0166, dtype=torch.float64)",1258467.6618081797
"tensor(753697.2518, dtype=torch.float64)",1253643.9752397055
"tensor(745728.1454, dtype=torch.float64)",1255560.4148023967
"tensor(746053.7268, dtype=torch.float64)",1269266.4636375695
"tensor(762600.9131, dtype=torch.float64)",1250220.9377639876
"tensor(766118.4595, dtype=torch.float64)",1235719.8976010894
"tensor(760775.9762, dtype=torch.float64)",1244141.8338034912
"tensor(764915.9402, dtype=torch.float64)",1258441.2232444214
"tensor(756715.4200, dtype=torch.float64)",1228891.562830547
"tensor(730843.5159, dtype=torch.float64)",1195489.063404051
"tensor(762818.5745, dtype=torch.float64)",1187990.5055033271
"tensor(762513.4093, dtype=torch.float64)",1188185.3432392504
"tensor(749962.3768, dtype=torch.float64)",1168237.8484996555
"tensor(751829.3250, dtype=torch.float64)",1159924.3192007942
"tensor(746160.4148, dtype=torch.float64)",1172023.8593111767
"tensor(754252.8582, dtype=torch.float64)",1178247.4681864944
"tensor(743018.5844, dtype=torch.float64)",1207587.2668359939
"tensor(738960.1940, dtype=torch.float64)",1209844.8459349205
"tensor(749365.7548, dtype=torch.float64)",1168961.9243232487
"tensor(744397.0681, dtype=torch.float64)",1132848.8241592553
"tensor(755209.7698, dtype=torch.float64)",1117476.4740584288
"tensor(747097.2069, dtype=torch.float64)",1066074.6289825
"tensor(761698.7288, dtype=torch.float64)",1077940.5508791998
"tensor(741707.0084, dtype=torch.float64)",1083124.0615736484
"tensor(755831.8301, dtype=torch.float64)",1060620.6143984417
"tensor(750219.2718, dtype=torch.float64)",1063041.9030816655
"tensor(751952.3414, dtype=torch.float64)",1085348.9615307243
"tensor(762195.4771, dtype=torch.float64)",1076012.5356917144
"tensor(755860.3393, dtype=torch.float64)",1054312.5605485647
"tensor(749612.7554, dtype=torch.float64)",1026140.5447600182
"tensor(743382.9603, dtype=torch.float64)",990232.0225715359
"tensor(757083.7170, dtype=torch.float64)",1025128.3898545229
"tensor(757097.2801, dtype=torch.float64)",1046803.2690099316
"tensor(759608.8291, dtype=torch.float64)",1033376.175805673
"tensor(751084.4984, dtype=torch.float64)",1063539.2216307258
"tensor(752843.5167, dtype=torch.float64)",1064840.7130831035
"tensor(745749.4856, dtype=torch.float64)",1079466.4312460513
"tensor(756876.6533, dtype=torch.float64)",1063019.878903049
"tensor(760137.7434, dtype=torch.float64)",1021659.4270287859
"tensor(758097.3151, dtype=torch.float64)",1023817.6085208239
"tensor(743501.4263, dtype=torch.float64)",1028047.6978503547
"tensor(732693.7521, dtype=torch.float64)",1007112.1608321877
"tensor(760445.1237, dtype=torch.float64)",1021690.1172936377
"tensor(758772.1657, dtype=torch.float64)",1044146.3376288989
"tensor(771453.7400, dtype=torch.float64)",1063012.4120677414
"tensor(743165.9036, dtype=torch.float64)",1067787.0449982604
"tensor(759311.2848, dtype=torch.float64)",1046833.3429474237
"tensor(753900.6583, dtype=torch.float64)",1036402.7447796904
"tensor(750856.6404, dtype=torch.float64)",1047656.7986626504
"tensor(751880.0313, dtype=torch.float64)",1040047.9954270441
"tensor(748982.2553, dtype=torch.float64)",1046266.390878603
"tensor(763819.1580, dtype=torch.float64)",1034581.0291738538
"tensor(753210.8319, dtype=torch.float64)",1019288.3720942975
"tensor(741212.9357, dtype=torch.float64)",1000212.0718483736
"tensor(757858.4622, dtype=torch.float64)",966147.6784073886
"tensor(761016.7031, dtype=torch.float64)",918175.9769029241
"tensor(764755.1772, dtype=torch.float64)",906128.2661039751
"tensor(749001.8681, dtype=torch.float64)",915237.765574891
"tensor(761101.6208, dtype=torch.float64)",864829.15623306
"tensor(756450.5513, dtype=torch.float64)",888002.9089161524
"tensor(749745.7066, dtype=torch.float64)",870978.524081117
"tensor(766270.1173, dtype=torch.float64)",875557.1340757834
"tensor(744216.6209, dtype=torch.float64)",874699.1358870423
"tensor(741864.0878, dtype=torch.float64)",873799.0959585994
"tensor(766419.2934, dtype=torch.float64)",896284.9666081467
"tensor(746732.9318, dtype=torch.float64)",902297.3923436076
"tensor(770087.8619, dtype=torch.float64)",893878.6317036266
"tensor(765043.7372, dtype=torch.float64)",881465.528400528
"tensor(744475.1921, dtype=torch.float64)",868349.3532735312
"tensor(753601.2344, dtype=torch.float64)",870600.1268738529
"tensor(756443.2122, dtype=torch.float64)",865372.9158315236
"tensor(736655.3618, dtype=torch.float64)",877223.5036741974
"tensor(759402.8150, dtype=torch.float64)",882600.9601118527
"tensor(757456.1147, dtype=torch.float64)",925722.8911824967
"tensor(733338.1319, dtype=torch.float64)",913597.0551327674
"tensor(744361.1694, dtype=torch.float64)",895750.5682653052
"tensor(756809.6948, dtype=torch.float64)",910867.9294219102
"tensor(757546.5361, dtype=torch.float64)",899737.3868109435
"tensor(758189.7998, dtype=torch.float64)",895790.3040613983
"tensor(759950.9146, dtype=torch.float64)",915906.3292682993
"tensor(750224.4354, dtype=torch.float64)",936821.4484982807
"tensor(763213.7325, dtype=torch.float64)",938114.9852300964
"tensor(732501.6931, dtype=torch.float64)",932468.3345877868
"tensor(762716.8398, dtype=torch.float64)",928216.6297237683
"tensor(754686.3980, dtype=torch.float64)",913337.7513833675
"tensor(746031.6338, dtype=torch.float64)",909340.3081358223
"tensor(738715.6502, dtype=torch.float64)",906286.2637078457
"tensor(733278.7090, dtype=torch.float64)",916762.2522867584
"tensor(741683.0013, dtype=torch.float64)",904892.1484496837
"tensor(757836.3137, dtype=torch.float64)",893631.1779218772
"tensor(746330.1275, dtype=torch.float64)",904360.1817357646
"tensor(762260.7776, dtype=torch.float64)",899771.4021403679
"tensor(743786.4451, dtype=torch.float64)",880048.0355803431
"tensor(736525.4809, dtype=torch.float64)",880282.961774456
"tensor(748583.0702, dtype=torch.float64)",863533.6114675666
"tensor(740005.9870, dtype=torch.float64)",890960.6416343215
"tensor(747898.2075, dtype=torch.float64)",890307.318112974
"tensor(737297.9574, dtype=torch.float64)",900689.8564123135
"tensor(751529.9421, dtype=torch.float64)",905409.4722437974
"tensor(741340.5468, dtype=torch.float64)",902785.4540614701
"tensor(748591.6779, dtype=torch.float64)",893688.0015542436
"tensor(735904.1511, dtype=torch.float64)",904581.6205095373
"tensor(743622.1073, dtype=torch.float64)",911717.1616717927
"tensor(747050.2492, dtype=torch.float64)",935193.1839412148
"tensor(759424.6235, dtype=torch.float64)",936027.0691741984
"tensor(745593.1904, dtype=torch.float64)",896055.8894687996
"tensor(737927.9247, dtype=torch.float64)",886936.0187372642
"tensor(758064.4088, dtype=torch.float64)",872229.0387882489
"tensor(746285.3183, dtype=torch.float64)",872101.236612136
"tensor(745461.0792, dtype=torch.float64)",850323.584766555
"tensor(758610.1729, dtype=torch.float64)",855062.9558716795
"tensor(751712.6600, dtype=torch.float64)",853968.7852786691
"tensor(737755.2309, dtype=torch.float64)",851755.2862465639
"tensor(734944.5157, dtype=torch.float64)",853938.777674638
"tensor(747290.2356, dtype=torch.float64)",861071.950990117
"tensor(743587.3608, dtype=torch.float64)",869740.7361787756
"tensor(729423.1183, dtype=torch.float64)",885956.1428547403
"tensor(749164.3427, dtype=torch.float64)",865386.8042415463
"tensor(734332.7215, dtype=torch.float64)",859206.9907069069
"tensor(742811.1317, dtype=torch.float64)",857926.7863674739
"tensor(730990.6721, dtype=torch.float64)",838252.72465299
"tensor(734138.9281, dtype=torch.float64)",846499.7675541843
"tensor(747495.3864, dtype=torch.float64)",819668.0373720865
"tensor(738131.4942, dtype=torch.float64)",812815.3235908113
"tensor(736934.0603, dtype=torch.float64)",788306.1102748459
"tensor(749652.6344, dtype=torch.float64)",800569.9256793095
"tensor(723664.5911, dtype=torch.float64)",779078.7018654112
"tensor(724426.7340, dtype=torch.float64)",779152.1440367255
"tensor(747048.7008, dtype=torch.float64)",784424.544609618
"tensor(737951.3506, dtype=torch.float64)",756849.814004191
"tensor(743079.4501, dtype=torch.float64)",767031.458832833
"tensor(744278.7108, dtype=torch.float64)",804136.3218818347
"tensor(744764.5877, dtype=torch.float64)",836201.1496819431
"tensor(733502.3009, dtype=torch.float64)",826695.9149299042
"tensor(750060.9548, dtype=torch.float64)",820585.7346463987
"tensor(737331.2885, dtype=torch.float64)",814555.963467242
"tensor(730487.1974, dtype=torch.float64)",796229.6035614471
"tensor(751950.1716, dtype=torch.float64)",785136.2180938113
"tensor(753502.2844, dtype=torch.float64)",772364.2752561355
"tensor(752495.4894, dtype=torch.float64)",783824.8973357254
"tensor(742075.2736, dtype=torch.float64)",780084.8719003024
"tensor(738753.5336, dtype=torch.float64)",793737.9808374216
"tensor(732439.5318, dtype=torch.float64)",793333.5043463655
"tensor(742608.4670, dtype=torch.float64)",764608.529694371
"tensor(742546.3675, dtype=torch.float64)",760223.0841055771
"tensor(738578.6235, dtype=torch.float64)",763629.1820007588
"tensor(752948.6036, dtype=torch.float64)",760786.1664778439
"tensor(743666.8175, dtype=torch.float64)",780640.5574617023
"tensor(739842.0417, dtype=torch.float64)",770918.3892407669
"tensor(723476.9140, dtype=torch.float64)",767896.1860823266
"tensor(732299.8908, dtype=torch.float64)",767731.276365115
"tensor(741231.7658, dtype=torch.float64)",758021.0456035967
"tensor(742934.1684, dtype=torch.float64)",777190.6226629168
"tensor(726545.8845, dtype=torch.float64)",769632.6582596522
"tensor(742676.1945, dtype=torch.float64)",765158.2588327645
"tensor(746835.3223, dtype=torch.float64)",778655.3443245209
"tensor(728597.5373, dtype=torch.float64)",778521.8425910384
"tensor(746454.8085, dtype=torch.float64)",767584.0555831856
"tensor(746799.0363, dtype=torch.float64)",750253.0591337895
"tensor(733646.4476, dtype=torch.float64)",794186.2873580361
"tensor(731091.0041, dtype=torch.float64)",808424.4175065642
"tensor(747778.1928, dtype=torch.float64)",785239.4546262526
"tensor(730767.9121, dtype=torch.float64)",794887.1479779728
"tensor(741330.9049, dtype=torch.float64)",761451.6198174456
"tensor(737416.8877, dtype=torch.float64)",750951.6179925153
"tensor(741301.5829, dtype=torch.float64)",754458.3504345709
"tensor(725746.5151, dtype=torch.float64)",754727.6117044239
"tensor(731563.4375, dtype=torch.float64)",755158.2666724613
"tensor(736115.9098, dtype=torch.float64)",760710.3170518843
"tensor(732094.8780, dtype=torch.float64)",764325.912034429
"tensor(754258.2333, dtype=torch.float64)",764721.5073806884
"tensor(746945.2944, dtype=torch.float64)",766160.3863153479
"tensor(739527.7752, dtype=torch.float64)",761043.7751669018
"tensor(731823.9475, dtype=torch.float64)",774389.6057495787
"tensor(730763.5331, dtype=torch.float64)",802391.9317671994
"tensor(737452.9540, dtype=torch.float64)",774833.1849139488
"tensor(732084.2299, dtype=torch.float64)",768672.1555391301
"tensor(748890.8625, dtype=torch.float64)",757274.7628290912
"tensor(772836.8170, dtype=torch.float64)",746667.2635480631
"tensor(728905.1466, dtype=torch.float64)",762752.6889808946
"tensor(736238.7887, dtype=torch.float64)",767105.14249954
"tensor(735266.9655, dtype=torch.float64)",751869.4126856644
"tensor(746702.5469, dtype=torch.float64)",767310.0396561326
"tensor(735570.3960, dtype=torch.float64)",771138.0220446597
"tensor(735889.1156, dtype=torch.float64)",758111.2081219167
"tensor(754662.0101, dtype=torch.float64)",734347.4484507822
"tensor(749977.8004, dtype=torch.float64)",734082.6732700934
"tensor(757633.1237, dtype=torch.float64)",728488.9635317136
"tensor(733246.2791, dtype=torch.float64)",761678.4551007458
"tensor(736809.5036, dtype=torch.float64)",736205.4146428921
"tensor(745288.6800, dtype=torch.float64)",727651.0206978295
"tensor(740525.8311, dtype=torch.float64)",710322.4723882165
"tensor(754579.8315, dtype=torch.float64)",707320.3695796174
"tensor(750994.6731, dtype=torch.float64)",725746.0295140322
"tensor(756607.1271, dtype=torch.float64)",718361.1492568754
"tensor(753788.6294, dtype=torch.float64)",731223.010504169
"tensor(762293.6879, dtype=torch.float64)",750516.8039484993
"tensor(760988.9179, dtype=torch.float64)",758075.3120443636
"tensor(756594.2349, dtype=torch.float64)",772314.9760752552
"tensor(743102.6011, dtype=torch.float64)",785966.6994101324
"tensor(752622.5419, dtype=torch.float64)",785618.1025103927
"tensor(742212.3339, dtype=torch.float64)",786505.0093708778
"tensor(747596.0885, dtype=torch.float64)",800610.7356541298
"tensor(747535.0567, dtype=torch.float64)",815699.7669587258
"tensor(745622.9142, dtype=torch.float64)",816429.2715787934
"tensor(767491.2704, dtype=torch.float64)",820322.6361334568
"tensor(754400.3060, dtype=torch.float64)",800881.0235239393
"tensor(751535.3815, dtype=torch.float64)",815735.9738467038
"tensor(762008.9288, dtype=torch.float64)",850155.4644027395
"tensor(773825.1428, dtype=torch.float64)",870697.8525001035
"tensor(779683.2402, dtype=torch.float64)",859466.5386938712
"tensor(751200.9252, dtype=torch.float64)",883870.3201882003
"tensor(769071.7238, dtype=torch.float64)",879344.4129298829
"tensor(742234.4981, dtype=torch.float64)",858620.9374132268
"tensor(763527.2953, dtype=torch.float64)",834775.0442688981
"tensor(749499.2162, dtype=torch.float64)",832403.259879523
"tensor(767098.3685, dtype=torch.float64)",850271.142168152
"tensor(771397.7424, dtype=torch.float64)",876290.7445142939
"tensor(763837.2350, dtype=torch.float64)",878933.6272645596
"tensor(783045.1225, dtype=torch.float64)",884332.2784170344
"tensor(764917.0530, dtype=torch.float64)",889944.9612497453
"tensor(763396.7931, dtype=torch.float64)",856958.1223433842
"tensor(768929.7479, dtype=torch.float64)",871783.9759605159
"tensor(764583.0976, dtype=torch.float64)",897832.3958446931
"tensor(773772.4093, dtype=torch.float64)",905271.9352049323
"tensor(758545.3341, dtype=torch.float64)",896592.4730222858
"tensor(771670.7382, dtype=torch.float64)",888681.512083306
"tensor(762742.2014, dtype=torch.float64)",908040.8496767011
"tensor(759175.3689, dtype=torch.float64)",914597.7309953352
"tensor(751583.8545, dtype=torch.float64)",902522.4870548347
"tensor(775211.2463, dtype=torch.float64)",909888.9856242469
"tensor(771468.7278, dtype=torch.float64)",928052.0485782748
"tensor(752703.6188, dtype=torch.float64)",922138.5521662493
"tensor(749727.9796, dtype=torch.float64)",899692.2533812004
"tensor(755971.0482, dtype=torch.float64)",898634.2160301869
"tensor(764017.5845, dtype=torch.float64)",910460.9091074201
"tensor(749364.8652, dtype=torch.float64)",888231.2246195436
"tensor(758144.4596, dtype=torch.float64)",926217.631202725
"tensor(752432.2572, dtype=torch.float64)",945446.6434495499
"tensor(744920.1075, dtype=torch.float64)",973256.1041110456
"tensor(722634.2859, dtype=torch.float64)",979138.9477676775
"tensor(744623.9408, dtype=torch.float64)",915173.5576439886
"tensor(748740.9216, dtype=torch.float64)",864637.3864264692
"tensor(727352.0505, dtype=torch.float64)",838963.7074410742
"tensor(754878.2360, dtype=torch.float64)",868304.070773729
"tensor(747389.0027, dtype=torch.float64)",857988.4040190603
"tensor(761035.9663, dtype=torch.float64)",827211.1852212072
"tensor(759500.3702, dtype=torch.float64)",800193.8877297847
"tensor(752272.2520, dtype=torch.float64)",785419.5030015873
"tensor(751436.0949, dtype=torch.float64)",816002.731826701
"tensor(745921.1938, dtype=torch.float64)",793255.1863458279
"tensor(746326.6154, dtype=torch.float64)",801743.8230528687
"tensor(752153.2445, dtype=torch.float64)",803745.832906067
"tensor(778944.2616, dtype=torch.float64)",810867.0802969511
"tensor(767780.6480, dtype=torch.float64)",801469.8674812517
"tensor(762143.5147, dtype=torch.float64)",794837.0180723639
"tensor(769445.8901, dtype=torch.float64)",814302.161346187
"tensor(773422.5048, dtype=torch.float64)",826530.8279718491
"tensor(761697.2654, dtype=torch.float64)",807718.5965692957
"tensor(763046.7812, dtype=torch.float64)",787950.0383555365
"tensor(770968.1299, dtype=torch.float64)",792091.521105989
"tensor(770655.2854, dtype=torch.float64)",815385.6915530587
"tensor(755253.1419, dtype=torch.float64)",831251.7167214545
"tensor(764953.8097, dtype=torch.float64)",821831.6920722354
"tensor(769834.1459, dtype=torch.float64)",844524.6273033628
"tensor(780272.9609, dtype=torch.float64)",852099.751443782
"tensor(776149.4867, dtype=torch.float64)",839999.6364513099
"tensor(782960.8868, dtype=torch.float64)",842463.1632669234
"tensor(771676.9169, dtype=torch.float64)",843250.566095039
"tensor(780700.9017, dtype=torch.float64)",826834.2495592826
"tensor(779951.8188, dtype=torch.float64)",848496.6391176884
"tensor(774939.9033, dtype=torch.float64)",868365.7523235878
"tensor(784039.3193, dtype=torch.float64)",864228.6314058838
"tensor(763250.7285, dtype=torch.float64)",886806.9294100321
"tensor(782344.0533, dtype=torch.float64)",889758.8928709489
"tensor(770453.3326, dtype=torch.float64)",897377.3824267762
"tensor(779404.2949, dtype=torch.float64)",891373.533676665
"tensor(779940.3148, dtype=torch.float64)",886770.2966999967
"tensor(781505.1132, dtype=torch.float64)",866921.8645261083
"tensor(780057.2034, dtype=torch.float64)",880322.271576643
"tensor(792952.1956, dtype=torch.float64)",899401.7728627537
"tensor(780540.4114, dtype=torch.float64)",913045.7472805532
"tensor(779122.6045, dtype=torch.float64)",957354.0323737292
"tensor(776253.4937, dtype=torch.float64)",947964.5486355133
"tensor(788188.3542, dtype=torch.float64)",948500.1174858253
"tensor(787142.1294, dtype=torch.float64)",958351.1682750545
"tensor(787532.0878, dtype=torch.float64)",907633.2970598824
"tensor(795102.4076, dtype=torch.float64)",920051.9824254696
"tensor(793763.0273, dtype=torch.float64)",914964.9277358211
"tensor(784143.2620, dtype=torch.float64)",947320.2200730444
"tensor(772698.3222, dtype=torch.float64)",980882.8390714122
"tensor(786534.4922, dtype=torch.float64)",967994.3471534922
"tensor(808272.3017, dtype=torch.float64)",943327.2163407436
"tensor(781485.3969, dtype=torch.float64)",969721.705282059
"tensor(801973.9634, dtype=torch.float64)",965564.9979108488
"tensor(783464.5747, dtype=torch.float64)",940004.8338807786
"tensor(781131.7915, dtype=torch.float64)",921105.0332701134
"tensor(779292.7999, dtype=torch.float64)",918136.3252341222
"tensor(791291.5398, dtype=torch.float64)",934193.0788672675
"tensor(786324.2043, dtype=torch.float64)",960014.626793803
"tensor(791029.5841, dtype=torch.float64)",943796.0478116879
"tensor(789208.0634, dtype=torch.float64)",963601.7085265691
"tensor(787626.7842, dtype=torch.float64)",957623.831660416
"tensor(791834.6033, dtype=torch.float64)",961767.0090607867
"tensor(788457.9573, dtype=torch.float64)",983621.8495260784
"tensor(800145.5412, dtype=torch.float64)",1007728.5685988364
"tensor(783260.8907, dtype=torch.float64)",1036400.7908433157
"tensor(803614.6193, dtype=torch.float64)",1088345.7090272014
"tensor(794955.8487, dtype=torch.float64)",1107057.4146455622
"tensor(806328.7822, dtype=torch.float64)",1081217.8105046013
"tensor(790898.2304, dtype=torch.float64)",1136575.7435354264
"tensor(797269.8750, dtype=torch.float64)",1113699.4201768353
"tensor(810507.6008, dtype=torch.float64)",1106572.4017236687
"tensor(790805.6974, dtype=torch.float64)",1084540.7560777282
"tensor(790163.4921, dtype=torch.float64)",1075676.7920086735
"tensor(782904.5768, dtype=torch.float64)",1068196.6622760207
"tensor(806655.8091, dtype=torch.float64)",1041266.7547923845
"tensor(788617.6830, dtype=torch.float64)",1052734.1859324994
"tensor(795224.9209, dtype=torch.float64)",1068785.4416613528
"tensor(804329.2570, dtype=torch.float64)",1097604.4907494632
"tensor(785361.6859, dtype=torch.float64)",1106442.2096719698
"tensor(794137.3366, dtype=torch.float64)",1091895.3987087216
"tensor(807757.9791, dtype=torch.float64)",1085476.5552009137
"tensor(809445.7218, dtype=torch.float64)",1049826.1529514794
"tensor(784748.0719, dtype=torch.float64)",1045119.1787272369
"tensor(796135.8474, dtype=torch.float64)",1019630.0633456383
"tensor(792614.8808, dtype=torch.float64)",1036269.6658036243
"tensor(807656.0067, dtype=torch.float64)",1053282.12729044
"tensor(800654.6616, dtype=torch.float64)",1059994.0095829957
"tensor(800917.4105, dtype=torch.float64)",1082548.7712946783
"tensor(793556.5825, dtype=torch.float64)",1090514.7929877776
"tensor(787243.2296, dtype=torch.float64)",1087042.9374227917
"tensor(788302.5835, dtype=torch.float64)",1097913.987980942
"tensor(793375.9206, dtype=torch.float64)",1073210.7550491316
"tensor(786860.6715, dtype=torch.float64)",1058400.1974157712
"tensor(787845.3152, dtype=torch.float64)",1045423.0386465404
"tensor(793642.3407, dtype=torch.float64)",1055566.810251182
"tensor(799421.9742, dtype=torch.float64)",1059554.7636073858
"tensor(796672.0938, dtype=torch.float64)",1064665.9210770424
"tensor(808312.8588, dtype=torch.float64)",1045351.4839915838
"tensor(805837.6377, dtype=torch.float64)",1049746.8683114846
"tensor(794107.6026, dtype=torch.float64)",1065295.6822776129
"tensor(788327.7880, dtype=torch.float64)",1031586.0420677206
"tensor(798215.2214, dtype=torch.float64)",1031856.670444588
"tensor(785121.3423, dtype=torch.float64)",1047150.7523829073
"tensor(793878.2215, dtype=torch.float64)",1048985.7510692677
"tensor(800896.0685, dtype=torch.float64)",1062201.1069045234
"tensor(783837.7488, dtype=torch.float64)",1028202.7534628577
"tensor(794728.0953, dtype=torch.float64)",1030231.8183684464
"tensor(786845.1222, dtype=torch.float64)",1011807.7662274698
"tensor(787136.1305, dtype=torch.float64)",1013465.2869262359
"tensor(778398.7657, dtype=torch.float64)",1000835.3814629613
"tensor(792819.0984, dtype=torch.float64)",1014624.3015704473
"tensor(782648.2486, dtype=torch.float64)",997093.8127015713
"tensor(780711.9810, dtype=torch.float64)",997759.1720094596
"tensor(793454.0231, dtype=torch.float64)",985277.2796230076
"tensor(801647.0317, dtype=torch.float64)",973446.6822821605
"tensor(788523.3144, dtype=torch.float64)",1016297.8900889887
"tensor(794809.7564, dtype=torch.float64)",1022260.2387000534
"tensor(792342.2263, dtype=torch.float64)",1036033.7236804733
"tensor(798545.9764, dtype=torch.float64)",1046749.0815234331
"tensor(794509.0731, dtype=torch.float64)",1084380.8957559725
"tensor(796660.7113, dtype=torch.float64)",1076682.2106768764
"tensor(796325.9095, dtype=torch.float64)",1087823.4541451856
"tensor(793711.0265, dtype=torch.float64)",1088313.1919586933
"tensor(790957.5398, dtype=torch.float64)",1084767.3845351932
"tensor(780940.0640, dtype=torch.float64)",1091583.062501373
"tensor(788016.7931, dtype=torch.float64)",1067281.4129284911
"tensor(793452.2874, dtype=torch.float64)",1056445.2574051719
"tensor(794495.6034, dtype=torch.float64)",1097648.7678690318
"tensor(798904.0926, dtype=torch.float64)",1102682.4993463245
"tensor(809955.8544, dtype=torch.float64)",1111627.26877059
"tensor(805619.9855, dtype=torch.float64)",1134082.129346386
"tensor(802687.4454, dtype=torch.float64)",1139683.578687108
"tensor(802893.1846, dtype=torch.float64)",1171725.4664419745
"tensor(802186.0016, dtype=torch.float64)",1160362.2374233333
"tensor(788813.2386, dtype=torch.float64)",1203009.8142879775
"tensor(808926.1363, dtype=torch.float64)",1228833.509914744
"tensor(794572.6146, dtype=torch.float64)",1225369.7068832181
"tensor(805505.8933, dtype=torch.float64)",1222379.4349741382
"tensor(811475.2961, dtype=torch.float64)",1210887.4591763075
"tensor(807194.4659, dtype=torch.float64)",1250949.3968576726
"tensor(797999.5302, dtype=torch.float64)",1248940.9502819127
"tensor(786797.7095, dtype=torch.float64)",1228261.7525634584
"tensor(796392.6359, dtype=torch.float64)",1169059.96840396
"tensor(791923.3582, dtype=torch.float64)",1170978.4809259353
"tensor(810366.0126, dtype=torch.float64)",1151915.3890680827
"tensor(796549.1343, dtype=torch.float64)",1187014.4301096126
"tensor(805941.2267, dtype=torch.float64)",1197341.1126821688
"tensor(812963.4350, dtype=torch.float64)",1232010.3773702472
"tensor(794649.4928, dtype=torch.float64)",1228320.2852638806
"tensor(810634.7246, dtype=torch.float64)",1217113.5408577272
"tensor(803854.8177, dtype=torch.float64)",1234579.588772679
"tensor(800488.5332, dtype=torch.float64)",1201302.0821646757
"tensor(804145.3795, dtype=torch.float64)",1179933.7666829964
"tensor(799685.7883, dtype=torch.float64)",1211671.6880425357
"tensor(783656.3106, dtype=torch.float64)",1213840.2610893184
"tensor(791336.6192, dtype=torch.float64)",1186283.2705904855
"tensor(787993.5570, dtype=torch.float64)",1142182.253851518
"tensor(798140.5136, dtype=torch.float64)",1086244.4307362859
"tensor(782575.3457, dtype=torch.float64)",1076079.9618808508
"tensor(806917.6452, dtype=torch.float64)",1080128.125995301
"tensor(799892.9963, dtype=torch.float64)",1056135.8439324938
"tensor(796272.6367, dtype=torch.float64)",1060698.1586663732
"tensor(801643.0403, dtype=torch.float64)",1031426.5593099761
"tensor(811606.0427, dtype=torch.float64)",1037853.4524776721
"tensor(811309.0420, dtype=torch.float64)",1045356.3235633108
"tensor(811682.5695, dtype=torch.float64)",1054938.765261422
"tensor(805837.0777, dtype=torch.float64)",1068280.0701120915
"tensor(801287.5542, dtype=torch.float64)",1082074.5062659164
"tensor(805959.3912, dtype=torch.float64)",1088476.4430641641
"tensor(774601.5447, dtype=torch.float64)",1037266.2556000624
"tensor(803500.5169, dtype=torch.float64)",1029558.6670852501
"tensor(814769.8463, dtype=torch.float64)",1061286.5133742134
"tensor(805093.7762, dtype=torch.float64)",1062236.8192632238
"tensor(803718.4808, dtype=torch.float64)",1094187.4495270823
"tensor(797177.5201, dtype=torch.float64)",1123455.7640011176
"tensor(795841.7451, dtype=torch.float64)",1118791.0542245964
"tensor(792700.8947, dtype=torch.float64)",1103507.110970218
"tensor(813001.7700, dtype=torch.float64)",1111692.3951776915
"tensor(809477.9236, dtype=torch.float64)",1107827.9758230124
"tensor(794590.0887, dtype=torch.float64)",1102849.581498916
"tensor(807076.6872, dtype=torch.float64)",1118854.484842922
"tensor(810384.8466, dtype=torch.float64)",1140330.0770128868
"tensor(813262.8253, dtype=torch.float64)",1145691.6138860874
"tensor(805143.7684, dtype=torch.float64)",1118436.8679475444
"tensor(790225.2822, dtype=torch.float64)",1122088.8853662957
"tensor(799287.6546, dtype=torch.float64)",1155891.8514646818
"tensor(797908.2969, dtype=torch.float64)",1196021.8238997925
"tensor(803827.8023, dtype=torch.float64)",1233599.0091216252
"tensor(816675.8970, dtype=torch.float64)",1243514.3845600544
"tensor(821992.3028, dtype=torch.float64)",1241325.2491648775
"tensor(815020.9202, dtype=torch.float64)",1236461.0577845403
"tensor(800270.6577, dtype=torch.float64)",1235703.4759606547
"tensor(807680.8906, dtype=torch.float64)",1228329.2679484542
"tensor(792900.4018, dtype=torch.float64)",1240916.506749774
"tensor(809270.8734, dtype=torch.float64)",1276406.7272226466
"tensor(798899.9568, dtype=torch.float64)",1319115.406293161
"tensor(786866.1487, dtype=torch.float64)",1355199.145519925
"tensor(787521.6399, dtype=torch.float64)",1374293.5614255767
"tensor(780184.9687, dtype=torch.float64)",1341102.7426853387
"tensor(782261.6988, dtype=torch.float64)",1364274.396891863
"tensor(775227.9794, dtype=torch.float64)",1340668.3316953783
"tensor(773646.8776, dtype=torch.float64)",1355209.4533026288
"tensor(758928.4492, dtype=torch.float64)",1366500.0437315516
"tensor(747506.0472, dtype=torch.float64)",1349947.0593295118
"tensor(753302.4131, dtype=torch.float64)",1364699.8957336035
"tensor(762973.0430, dtype=torch.float64)",1336753.5131312176
"tensor(741669.6136, dtype=torch.float64)",1336342.1045990135
"tensor(757384.1605, dtype=torch.float64)",1310151.6646739847
"tensor(752707.1906, dtype=torch.float64)",1309979.9485871142
"tensor(740404.6144, dtype=torch.float64)",1299478.8548419864
"tensor(740326.5845, dtype=torch.float64)",1285048.189151614
"tensor(748175.1308, dtype=torch.float64)",1267762.9479950427
"tensor(740753.1661, dtype=torch.float64)",1269501.1692159623
"tensor(745796.6181, dtype=torch.float64)",1253165.230911818
"tensor(748871.9182, dtype=torch.float64)",1249640.5463790055
"tensor(751171.3924, dtype=torch.float64)",1259673.5128285051
"tensor(749349.4713, dtype=torch.float64)",1290831.3266944531
"tensor(741335.2586, dtype=torch.float64)",1261912.4131102522
"tensor(747416.7764, dtype=torch.float64)",1252665.9935113718
"tensor(752360.9929, dtype=torch.float64)",1268423.2654095907
"tensor(744817.9255, dtype=torch.float64)",1286443.9836609128
"tensor(747657.5481, dtype=torch.float64)",1243339.9632205518
"tensor(751177.9270, dtype=torch.float64)",1234346.4744029054
"tensor(749674.7317, dtype=torch.float64)",1283682.1816398057
"tensor(751704.2519, dtype=torch.float64)",1285647.6411899836
"tensor(754088.6518, dtype=torch.float64)",1283745.400262031
"tensor(747352.2693, dtype=torch.float64)",1245481.6876106972
"tensor(757037.6746, dtype=torch.float64)",1239334.9487245711
"tensor(743036.3762, dtype=torch.float64)",1241091.6598931928
"tensor(755087.5022, dtype=torch.float64)",1238466.1297124391
"tensor(739807.0663, dtype=torch.float64)",1239164.3146455635
"tensor(759219.2228, dtype=torch.float64)",1268777.315775975
"tensor(750176.0911, dtype=torch.float64)",1273245.618340954
"tensor(760488.1233, dtype=torch.float64)",1272791.0106376517
"tensor(750017.6863, dtype=torch.float64)",1275910.318539641
"tensor(747783.8348, dtype=torch.float64)",1281347.4649678764
"tensor(754194.3042, dtype=torch.float64)",1270855.4938416714
"tensor(739690.1469, dtype=torch.float64)",1285211.948401303
"tensor(744436.7301, dtype=torch.float64)",1297952.106311475
"tensor(736085.1395, dtype=torch.float64)",1325713.050353179
"tensor(754043.9589, dtype=torch.float64)",1323983.9713299226
"tensor(748432.9033, dtype=torch.float64)",1293375.183651669
"tensor(750491.9639, dtype=torch.float64)",1299198.253604267
"tensor(735492.9582, dtype=torch.float64)",1307724.666204196
"tensor(739417.9953, dtype=torch.float64)",1302479.6180229126
"tensor(742840.6881, dtype=torch.float64)",1313964.878647404
"tensor(746654.8708, dtype=torch.float64)",1308733.5511855057
"tensor(748446.0659, dtype=torch.float64)",1291204.6536182102
"tensor(761937.8535, dtype=torch.float64)",1306015.5019791056
"tensor(723678.0120, dtype=torch.float64)",1323974.0815759043
"tensor(742119.2866, dtype=torch.float64)",1309560.0789629996
"tensor(759774.2403, dtype=torch.float64)",1342724.0003972116
"tensor(739786.9299, dtype=torch.float64)",1441505.7929953202
"tensor(758751.3718, dtype=torch.float64)",1478843.0480675204
"tensor(748725.1081, dtype=torch.float64)",1445969.220879634
"tensor(751627.8716, dtype=torch.float64)",1461482.6617400805
"tensor(759109.7689, dtype=torch.float64)",1467511.5908730929
"tensor(768513.4132, dtype=torch.float64)",1502647.5010490508
"tensor(749848.2480, dtype=torch.float64)",1492977.560483282
"tensor(743235.8601, dtype=torch.float64)",1443178.3633063384
"tensor(758257.0171, dtype=torch.float64)",1450665.1338470029
"tensor(766041.9805, dtype=torch.float64)",1464979.0923406035
"tensor(748762.0964, dtype=torch.float64)",1477255.8921622662
"tensor(754607.3583, dtype=torch.float64)",1496332.580476897
"tensor(736242.9032, dtype=torch.float64)",1504869.8844751993
"tensor(750122.0616, dtype=torch.float64)",1484128.3528249771
"tensor(763109.1133, dtype=torch.float64)",1480252.7591663469
"tensor(753588.5881, dtype=torch.float64)",1456403.870354292
"tensor(746166.0110, dtype=torch.float64)",1475171.7563771824
"tensor(765308.4288, dtype=torch.float64)",1475411.18280374
"tensor(756460.5340, dtype=torch.float64)",1489488.0077283117
"tensor(746488.8444, dtype=torch.float64)",1475634.373011112
"tensor(748334.9922, dtype=torch.float64)",1470319.5020036292
"tensor(761003.2725, dtype=torch.float64)",1482085.2448219773
"tensor(765067.5388, dtype=torch.float64)",1457859.3610656413
"tensor(766753.6919, dtype=torch.float64)",1451669.3550592866
"tensor(760267.3362, dtype=torch.float64)",1459746.4229204934
"tensor(760240.4237, dtype=torch.float64)",1441030.4487837194
"tensor(762463.0722, dtype=torch.float64)",1424454.8052751895
"tensor(755959.2429, dtype=torch.float64)",1424486.1846532791
"tensor(751109.8925, dtype=torch.float64)",1426525.6891768393
"tensor(765584.4242, dtype=torch.float64)",1413698.0346316684
"tensor(755578.8409, dtype=torch.float64)",1424299.536721918
"tensor(739719.2934, dtype=torch.float64)",1459339.7427745517
"tensor(747661.0646, dtype=torch.float64)",1461351.0222146257
"tensor(745477.6393, dtype=torch.float64)",1425558.672648172
"tensor(747467.7711, dtype=torch.float64)",1446678.7568564967
"tensor(758876.3392, dtype=torch.float64)",1468308.4069978285
"tensor(738181.4986, dtype=torch.float64)",1493957.7428472426
"tensor(760725.3354, dtype=torch.float64)",1443392.8302453614
"tensor(758819.8960, dtype=torch.float64)",1450239.4393879124
"tensor(747077.2036, dtype=torch.float64)",1452619.980462221
"tensor(745870.4628, dtype=torch.float64)",1466542.0387605056
"tensor(769884.9939, dtype=torch.float64)",1467462.2584995152
"tensor(749045.3514, dtype=torch.float64)",1461015.8460860585
"tensor(770046.1861, dtype=torch.float64)",1450892.2097987598
"tensor(735459.8780, dtype=torch.float64)",1481524.461797192
"tensor(755243.0745, dtype=torch.float64)",1452825.6718445572
"tensor(743704.3681, dtype=torch.float64)",1457486.5134727291
"tensor(768408.0486, dtype=torch.float64)",1466612.2600372732
"tensor(756438.3148, dtype=torch.float64)",1436592.7121368046
"tensor(758407.9430, dtype=torch.float64)",1435081.8424268235
"tensor(732821.4486, dtype=torch.float64)",1464826.0397907349
"tensor(749044.8813, dtype=torch.float64)",1463396.6226544287
"tensor(731986.2825, dtype=torch.float64)",1436921.4060454054
"tensor(752558.8941, dtype=torch.float64)",1427941.0046696675
"tensor(755989.5944, dtype=torch.float64)",1430764.102904086
"tensor(757087.3236, dtype=torch.float64)",1433246.3268675085
"tensor(762217.8484, dtype=torch.float64)",1419476.4709693657
"tensor(731555.2468, dtype=torch.float64)",1377448.8697621073
"tensor(745929.2883, dtype=torch.float64)",1394047.2535563083
"tensor(745608.2275, dtype=torch.float64)",1373227.4634189648
"tensor(738481.6744, dtype=torch.float64)",1374765.006938641
"tensor(750802.1077, dtype=torch.float64)",1360767.2471628552
"tensor(744814.4040, dtype=torch.float64)",1370237.0580964447
"tensor(746446.4889, dtype=torch.float64)",1344521.6400042812
"tensor(752283.4127, dtype=torch.float64)",1324731.5218332035
"tensor(749543.5646, dtype=torch.float64)",1358601.4434474981
"tensor(733606.0547, dtype=torch.float64)",1354608.9077816275
"tensor(736005.1655, dtype=torch.float64)",1378879.7903477577
"tensor(756575.5347, dtype=torch.float64)",1371102.840289565
"tensor(746453.2755, dtype=torch.float64)",1377955.781315153
"tensor(741627.6095, dtype=torch.float64)",1399276.7461748214
"tensor(749765.7687, dtype=torch.float64)",1418443.9200322812
"tensor(757503.1083, dtype=torch.float64)",1429678.8038598823
"tensor(740884.3035, dtype=torch.float64)",1445655.7259206248
"tensor(745931.9749, dtype=torch.float64)",1428982.1907419916
"tensor(727937.1859, dtype=torch.float64)",1412118.5366749712
"tensor(741039.2400, dtype=torch.float64)",1392063.9375072687
"tensor(743986.4710, dtype=torch.float64)",1372906.534533455
"tensor(738805.5137, dtype=torch.float64)",1369144.1868718935
"tensor(748877.8742, dtype=torch.float64)",1368162.1620446302
"tensor(751408.6388, dtype=torch.float64)",1374234.0057515698
"tensor(744723.6097, dtype=torch.float64)",1409421.6331196197
"tensor(737797.8815, dtype=torch.float64)",1405710.521965889
"tensor(746898.2167, dtype=torch.float64)",1410565.156541841
"tensor(749420.0116, dtype=torch.float64)",1389637.1735042701
"tensor(753244.1820, dtype=torch.float64)",1367770.4171422657
"tensor(747204.9351, dtype=torch.float64)",1339927.1646150758
"tensor(743529.0631, dtype=torch.float64)",1357009.7986020143
"tensor(744823.2113, dtype=torch.float64)",1370934.5693575235
"tensor(743576.3724, dtype=torch.float64)",1358017.4335341535
"tensor(743775.8212, dtype=torch.float64)",1349252.2568448153
"tensor(734420.8906, dtype=torch.float64)",1364303.6651056686
"tensor(736843.4010, dtype=torch.float64)",1343924.4226680018
"tensor(730926.7886, dtype=torch.float64)",1334261.6604126717
"tensor(740330.2354, dtype=torch.float64)",1324143.2603481687
"tensor(754570.4211, dtype=torch.float64)",1338501.799250703
"tensor(753625.0601, dtype=torch.float64)",1348775.0643257806
"tensor(742259.0346, dtype=torch.float64)",1324763.3165047897
"tensor(753810.3739, dtype=torch.float64)",1324232.5921210863
"tensor(754506.6182, dtype=torch.float64)",1341510.835046313
"tensor(745870.7982, dtype=torch.float64)",1362453.2407156522
"tensor(737974.4104, dtype=torch.float64)",1373313.3018384594
"tensor(747890.0264, dtype=torch.float64)",1381092.4646921335
"tensor(752324.1455, dtype=torch.float64)",1345714.5044996685
"tensor(736321.4348, dtype=torch.float64)",1266016.22232044
"tensor(756024.5123, dtype=torch.float64)",1225518.310787212
"tensor(746950.3089, dtype=torch.float64)",1243540.9005601145
"tensor(747393.2436, dtype=torch.float64)",1251958.6624464933
"tensor(746088.1095, dtype=torch.float64)",1255783.06809543
"tensor(741695.4986, dtype=torch.float64)",1281938.4015009145
"tensor(747294.7065, dtype=torch.float64)",1280946.5599738539
"tensor(732807.1041, dtype=torch.float64)",1305534.7676194676
"tensor(761212.3825, dtype=torch.float64)",1307217.676967522
"tensor(746112.1423, dtype=torch.float64)",1342989.6485594
"tensor(745032.1440, dtype=torch.float64)",1341257.2006548126
"tensor(747192.0778, dtype=torch.float64)",1339729.4186075695
"tensor(742245.5171, dtype=torch.float64)",1329725.764395423
"tensor(738445.6413, dtype=torch.float64)",1328969.1112306283
"tensor(748895.5043, dtype=torch.float64)",1325898.520773843
"tensor(748767.0374, dtype=torch.float64)",1317753.8293087084
"tensor(762693.7885, dtype=torch.float64)",1323740.7046495667
"tensor(754408.4586, dtype=torch.float64)",1308095.182603063
"tensor(746233.6862, dtype=torch.float64)",1303219.5027641526
"tensor(757706.6191, dtype=torch.float64)",1306365.0832052417
"tensor(736165.1988, dtype=torch.float64)",1296661.385849817
"tensor(743919.7135, dtype=torch.float64)",1305509.9794043938
"tensor(734081.8346, dtype=torch.float64)",1271998.6922207691
"tensor(722856.7191, dtype=torch.float64)",1251150.7103193088
"tensor(732997.7747, dtype=torch.float64)",1249185.9795000097
"tensor(761671.6648, dtype=torch.float64)",1229033.8753504017
"tensor(743215.8980, dtype=torch.float64)",1246687.0511394623
"tensor(740472.0743, dtype=torch.float64)",1233528.6476912927
"tensor(748048.3707, dtype=torch.float64)",1233001.0087916288
"tensor(751617.8274, dtype=torch.float64)",1269102.1337218648
"tensor(731517.5903, dtype=torch.float64)",1285518.5269413206
"tensor(734716.7958, dtype=torch.float64)",1294819.0042671587
"tensor(732685.1471, dtype=torch.float64)",1321438.9280358367
"tensor(730395.4833, dtype=torch.float64)",1317465.951296366
"tensor(748412.6874, dtype=torch.float64)",1336804.943856172
"tensor(742355.1543, dtype=torch.float64)",1351123.9397064806
"tensor(726993.6628, dtype=torch.float64)",1346742.9524679226
"tensor(746293.7823, dtype=torch.float64)",1339300.4919338354
"tensor(740504.9201, dtype=torch.float64)",1328046.8132502546
"tensor(753045.2845, dtype=torch.float64)",1353432.3587011774
"tensor(737116.5321, dtype=torch.float64)",1392787.5147668628
"tensor(730832.2773, dtype=torch.float64)",1377292.9384281049
"tensor(746632.7441, dtype=torch.float64)",1373571.7026299243
"tensor(736762.4952, dtype=torch.float64)",1362687.143341354
"tensor(749510.7351, dtype=torch.float64)",1363221.6081880052
"tensor(737622.9290, dtype=torch.float64)",1369325.549948793
"tensor(752038.3541, dtype=torch.float64)",1353809.720105221
"tensor(736335.2481, dtype=torch.float64)",1352596.0959120716
"tensor(737433.0427, dtype=torch.float64)",1375592.2833186006
"tensor(740643.2412, dtype=torch.float64)",1363497.9900936072
"tensor(744146.7051, dtype=torch.float64)",1382415.2306697723
"tensor(741938.3032, dtype=torch.float64)",1415765.4099076865
"tensor(742072.1448, dtype=torch.float64)",1454118.0707582636
"tensor(747539.0323, dtype=torch.float64)",1485839.5813889417
"tensor(742724.0954, dtype=torch.float64)",1525396.7566647758
"tensor(739536.4127, dtype=torch.float64)",1513174.0249326276
"tensor(743744.3131, dtype=torch.float64)",1531393.7839663068
"tensor(749372.8992, dtype=torch.float64)",1522937.2991859058
"tensor(719761.4589, dtype=torch.float64)",1529496.55021754
"tensor(745593.6806, dtype=torch.float64)",1536665.0698126312
"tensor(744309.0106, dtype=torch.float64)",1520228.2892457943
"tensor(742590.3906, dtype=torch.float64)",1500521.8837688137
"tensor(749714.0146, dtype=torch.float64)",1459541.5338144389
"tensor(745505.1260, dtype=torch.float64)",1436279.9682133747
"tensor(753789.3621, dtype=torch.float64)",1428242.4328412847
"tensor(736505.0670, dtype=torch.float64)",1413190.50143434
"tensor(752006.3657, dtype=torch.float64)",1389095.8776450502
"tensor(741585.2518, dtype=torch.float64)",1408982.795840048
