realized_delta_bof,scr_values
140624.03143451607,-158455.746713329
148740.8875457464,-151123.92672436673
146156.7946051549,-146851.24297032517
143472.75647428748,-142511.13260414696
140659.07499658782,-140014.46009557182
137986.79752264253,-167215.49882962252
138454.94483721466,-146355.61707701092
136223.04731919686,-154158.79355140717
135881.31691249553,-145970.62184293347
134213.87576534064,-153138.00457854872
133007.04513086786,-148952.36279402475
133729.37115997658,-157545.28541856026
131978.5885376206,-147417.2375228647
131587.26601040643,-145503.57769734925
129352.22372150619,-153546.6091981508
128977.62078410713,-165507.74476584583
133096.38707107469,-155994.9439980071
132063.9357269546,-142778.83999172912
127478.52182527818,-151595.26364398305
125455.6115094705,-151935.18787541403
129262.61719837983,-152302.07615733088
127419.58112172829,-149975.83785485162
122946.30368236883,-139012.94177511253
123114.92987332353,-152439.48655984388
127075.83454074792,-147208.94874679635
129262.52071625157,-149338.4233106859
129766.2279458819,-161966.1925350614
129247.5823822217,-153770.94996339153
131333.51514519402,-164022.7939240943
131949.84628506063,-161356.49157474493
130967.55876614561,-151133.23186064325
132347.84151878813,-157607.37178875075
134176.62781683612,-153488.7974825838
134417.90613034694,-138811.4592518852
135353.94676031568,-155082.2582889737
135538.3658309473,-146150.95276148082
134835.11131663655,-140658.2459316937
132246.85948626883,-145980.3076646824
127003.50529915316,-154403.8282965232
121060.54825018079,-153855.42142239294
117826.83427507384,-146981.1505427641
101222.26179042296,-163021.75998024864
95394.82267530437,-154416.70366365812
99631.45439053641,-164184.47595969692
98048.50051703001,-134246.2755633779
108017.45959251735,-160317.8541718009
98946.25446416228,-151402.39646029403
90999.0764908368,-162462.76597331546
63588.99989511038,-149003.28095745167
62089.66429613216,-141267.2246484122
51915.64573713811,-152825.8784059229
12224.979421393946,-152932.22258897172
16471.85133961856,-148815.2571475734
-18642.325633052853,-164497.3503763018
-22376.811424600543,-155642.72190841555
-47402.09390215785,-151812.7812760668
-41155.922261344735,-164610.26912565262
-40931.127943685045,-161248.6919690041
-53893.80933985324,-154044.70460533584
-31671.565710266237,-168676.69777041662
-24794.516010838444,-162053.68501035217
-8624.272861700272,-146429.71794987726
-12804.455900584115,-148198.4764686433
-5581.083938617725,-171736.69774872903
-6654.266041543102,-154989.5965645369
-16224.693391765119,-154642.5396843584
-12623.164810339455,-145145.35116821958
-14651.199429901899,-148217.6633845704
-4252.683280728525,-158559.09613195504
-2836.1557958819903,-158581.569046468
5629.123402619152,-139352.91272838472
16476.96175719041,-161273.6069431306
22103.48672149377,-153819.9246566255
18876.301166968886,-154801.44155480154
17809.730330952327,-150434.8921958882
23432.746710066916,-147814.15135376714
15803.000740865129,-154230.42145064636
7129.291860081488,-165546.8288428029
7971.642429245403,-164178.08473270014
12447.699105906067,-164606.8714394928
16105.710138334194,-158310.07535778452
21000.78770816524,-156116.45697422605
22313.148939430597,-152370.01977363892
30083.056311117718,-147302.77089612058
30002.909086045693,-159809.31020694587
21454.32092102908,-142914.17151351226
28425.655264873058,-159191.43134511553
23867.214984713588,-147256.05542868143
33037.50427024241,-152001.36854124616
33478.463614485925,-151995.20884482295
29402.625566785573,-151362.37817123847
22927.42137811694,-152404.28979736217
20350.125818162807,-154383.15240215464
21050.13267245423,-148161.30414746446
20504.14368551981,-152692.17790644174
28582.735847305274,-161756.53941593668
30683.970982086612,-151076.21301135863
33653.443209872465,-154187.66150776646
33594.990909582935,-164036.68564708158
36096.02559600433,-165943.87254364416
39377.688825937454,-150376.31263224932
41661.44851750322,-158094.8501626033
46596.284663930535,-151098.00118491822
48497.16593611415,-163515.2395281056
44922.97489207715,-153703.17884257378
43697.68980700476,-145287.03278348083
48535.825759026804,-153901.6099112057
48796.807576887775,-154110.4683047207
45661.39866281825,-153138.1001090872
53118.60514293064,-162285.3217685332
58129.943246493116,-151426.09566684847
51106.27972246648,-155874.8485052305
48591.387461593724,-149743.52097131708
37160.427466371446,-156385.95781289507
34621.418286661734,-165362.53170576878
35383.81204795465,-150650.96331243857
41504.21559578285,-148824.31007709808
45355.835173456464,-158290.96932052984
45948.981339875376,-167223.06224430422
45991.196595877525,-157269.74548919848
47979.63550769549,-147338.90878070425
45764.03031874844,-147583.73882610095
37601.78521095298,-160709.06522745115
35370.02943347825,-163098.00326957903
30119.716848735698,-164761.64065514412
24820.94109094923,-154742.97960029088
27076.024972306564,-156555.20332996477
30065.543186456664,-155906.8951289414
35951.797491807956,-145175.59365615458
35727.93252516608,-153937.26587492228
41334.99041463563,-161698.61839441292
41251.506806688616,-147908.77182539436
41787.73177447135,-149329.18705070775
39800.39713853435,-162286.04737439135
41964.663957212004,-169286.184565134
38347.11107688071,-145283.1550513556
39266.30862733256,-148469.84306005447
42357.851744427,-170398.3528723272
41214.88172729546,-169874.2377367937
38171.01170467143,-149815.76626755833
38999.96758983785,-150600.0874561891
42751.50509361224,-160152.12793632818
42354.27727566089,-157253.09956668143
39644.585576583166,-148863.97445009253
38086.2771426182,-157822.52204526262
37233.10072672577,-148349.42425970826
36898.09291169804,-155339.91606888745
41044.46717852075,-149332.28451607062
46229.98376522225,-156322.65463919588
44397.12207159225,-150474.466237742
44010.953687925125,-165277.70660403534
45957.79703592521,-163964.00989696
48564.87092195486,-158665.7416264693
50683.52632644703,-159360.79254004778
48614.62018183607,-167494.78109837137
51864.64439869975,-169212.85079456307
45811.90504889446,-155127.54297789407
44931.92916926299,-149217.437019791
40928.40351931786,-159706.33612569643
39464.97091404337,-157187.22261786205
38532.45868137048,-155427.04283773515
38617.51780789939,-158288.7030210062
40687.097082174616,-155800.2692364602
43088.65995991521,-154839.57028406044
40497.75873309991,-160128.60649706284
39300.41949391365,-152693.50413461425
35203.646416276344,-141136.30603283248
35520.800697034225,-166988.02715707058
33350.131240874296,-157720.85895401845
33005.511531099095,-151059.3040861931
31268.786755519686,-139096.91752827936
36038.45804876345,-150476.8143209481
41741.922235089936,-155637.48437798058
41538.631512916065,-153561.9819436774
36559.532713033725,-150981.29224172968
36048.18850212637,-141103.55862351914
32150.115816839272,-152882.952656231
38084.656323821284,-145118.61282751441
38221.946220257785,-140848.20411927882
40165.64310952218,-146893.1176389414
39171.0285847669,-150979.8031252066
37847.10416966956,-141752.67634621402
33019.30154457595,-156208.94595853356
27081.322998343618,-148363.47692485387
28255.683646141086,-156742.13341093634
25468.185260815662,-160990.12332412438
22265.304335006746,-144136.13841848844
25308.463755533332,-155782.51712527382
28704.05682706507,-153584.23679841147
29767.62736756075,-167702.5080661755
36714.58160739264,-152808.83467314963
36601.597050411045,-154230.70947953127
32865.55816472089,-152430.7766080089
35782.66564458003,-153626.61552600842
37597.47628142475,-163307.00026777934
38935.209231416346,-157042.9973566964
45404.970924445195,-146507.3562832427
44260.314779337496,-149135.9403557222
47418.551962888916,-154656.5378366945
46163.1284985824,-148677.51728501474
45697.62916886341,-148639.07849924138
44337.868377946084,-151532.9640776529
45173.34943135886,-159362.90819689073
43169.75878886413,-156349.15035962232
40322.36380669649,-159237.4551530882
36051.65429526847,-140920.45381809433
34676.82790972188,-153011.93923749495
37063.69362348202,-164070.3352693522
34466.81034780585,-145966.14768727648
33661.568905540626,-158295.76996019087
24060.73536456027,-146706.81376351183
25764.111311459215,-161311.09425904707
23902.601148148533,-168216.76220114226
27462.137578605558,-166812.6485242945
31690.873293884448,-161150.19345069525
39801.86183540709,-146009.21239212016
46378.04197272658,-159735.62540857028
44655.406508287764,-140530.35766562726
48855.69262606464,-155148.68083046644
48901.20053365966,-155623.76217155706
52634.56301375851,-151286.22528323438
50177.54976718861,-149890.23282417282
50841.382994151674,-151910.74773530185
53735.653397405054,-155309.21770826494
54324.42417207395,-153387.56613991922
54540.964922504965,-147981.09332634718
57907.22004924889,-149878.6233011647
55727.25646229717,-142157.17763558635
53307.742334524635,-165922.41725459066
53475.40482888266,-159651.41457842872
53068.97589918994,-155512.1475313264
53857.4183136659,-155222.98614440113
55416.13192812819,-167153.96424661868
60350.889867480146,-154583.2432898461
56971.130451406934,-158562.68195404403
56140.29176862759,-148129.15289552894
58682.69445363013,-156743.23308984563
56826.8556189806,-150259.39760017337
57475.93006293033,-152080.67201125633
59714.51523525128,-161943.94445818756
56423.70722756197,-151412.45208883064
59089.02839536872,-146667.14151889447
55778.25505452743,-158666.94132679875
53793.89732740109,-149516.83922226157
55321.90725853015,-150913.0484575011
56917.87698823982,-161436.33021934063
57495.738705677795,-142683.92747054237
53379.00545072823,-164344.8234069351
51035.40033087018,-145097.5449020256
52689.412507228786,-161516.8816137166
50687.5033145108,-154473.72591181216
56174.17380264925,-139792.94384146843
58142.20861011883,-149168.37300471938
56249.582264435594,-161568.95468173898
52787.804064724594,-158656.5680820354
55872.3773220405,-161193.0097556851
53389.77796325809,-157548.66721394612
54605.08228181419,-159013.8288708469
52021.32372164051,-150489.15841322206
53372.55524383229,-155902.49942764372
55995.08309789887,-156492.5992382469
52954.729796860134,-150871.51809238677
49817.30317342316,-155199.71339600557
52061.5552026931,-155278.33225828316
50971.16787378816,-149058.28484519292
48852.34612470004,-154255.0881996298
47716.01594600815,-148866.2471072215
47392.41019530303,-147980.73901049083
48064.842011391884,-150422.62696533464
43218.787127928925,-155017.48916488723
43329.623139016796,-163944.7557176071
45009.82182400103,-147442.77036884974
42462.730958452565,-137886.26716680964
40481.948396864,-153942.1584543906
42362.012084191316,-152904.05600357463
36431.1013090068,-153464.10858004994
39040.14490874775,-161691.7672075493
40691.36503973184,-147905.0966294877
39040.87873905385,-167162.41699997964
39837.68385718088,-151784.38669958478
36883.5281522288,-153889.01321199106
37341.42747365078,-151853.41996464587
35872.75307736627,-161034.58009376726
33483.77961410547,-147323.45391328912
32652.419054597965,-153454.04378616507
31258.96514351177,-157380.40496311418
31467.928297008853,-151447.4087538335
27372.75429331395,-161138.13440634473
28195.270439603948,-150054.2017303463
26062.381331495475,-147876.22963896394
30902.17371515627,-147282.75738172536
36130.62438595691,-162020.26268891047
37776.78786081425,-155113.55823275808
51698.962855102145,-151267.56401578744
48819.44804511918,-160348.52939833154
44709.64170798147,-154196.02954167174
52944.11926107912,-159415.74901740102
43180.54269605293,-152483.89601009735
44450.28072043648,-156651.6961213483
49375.67763866414,-138245.01547083887
76776.25331045152,-128607.8581166995
77900.7890527451,-121970.48241372977
90367.37716978928,-107288.85965596279
133125.34233262797,-97135.70261778357
131920.06626428338,-116912.6132940359
170179.15043233056,-90688.55164996232
173991.32044069876,-88587.47368043778
206057.84188749106,-87295.32207092596
196361.04801816144,-86298.73731747456
188154.19234412222,-76669.88439081621
203735.35767552909,-77142.7950634769
178230.97795942752,-85321.69289650233
170441.7866244656,-81540.68187256262
150550.55565345054,-78867.69638366695
154981.13786818914,-82952.8918168702
149242.64704307192,-83001.0904285725
148007.7633135931,-82909.56823312957
158700.35977998096,-85851.8289561331
156225.60202826,-94860.15387501207
165634.94541604316,-95829.45803436893
151843.53396234429,-106353.01233956276
150530.40421557042,-111472.74667666364
145199.11072291026,-105757.37426762166
132023.43216888397,-114773.41593298363
124692.65003410971,-98919.14864421578
131066.2927926596,-103665.75426360045
127516.86414236762,-113673.23138750391
125148.48984305572,-113163.20330874191
130420.28933654865,-103555.43202567834
138673.9746595138,-121173.69198111829
134166.43151631893,-115486.38642258523
130315.60553665587,-109495.07701637875
127661.15952360316,-115842.73927332973
122915.51547580957,-120919.15559958783
120784.89974353602,-115986.80016903824
112406.14781779365,-112055.60321233165
112672.38023228012,-120007.82250695187
122372.87500609679,-120202.44386963348
116363.5411065754,-123127.02582084073
122662.7865778259,-129722.19020838465
115828.10840357176,-131902.2423870226
114072.71617998695,-113574.99862643983
116409.76636089245,-111793.06573198433
120588.64465272299,-118143.64506786177
123227.68738594535,-116507.02855695284
117867.95064494829,-128122.3564255021
112862.89675614354,-122747.09194159415
105112.75576736266,-113501.9037099029
108391.96230354451,-111404.78291945439
103301.31683375139,-114617.68230136542
102333.04024015635,-112878.23897413455
97771.34199377242,-105546.61205459607
99566.78814172081,-127522.23329683254
98166.60445437848,-124266.48055251595
96127.53455365985,-123226.8645318962
95506.6135928121,-108030.93193567451
98664.10351563548,-125069.87434037426
96829.14814402442,-125556.11268806027
93786.77402236918,-119313.94837779063
88845.88555533334,-119878.91111977061
92749.86722136161,-110780.73097301507
85810.58713313204,-125758.60037492914
80984.20058773749,-118474.55673222302
88961.56993780634,-124745.6857692647
90188.2062616736,-111162.82704776467
104815.15794796031,-124405.14166000439
101684.09936781076,-108136.95033287583
102197.96383949381,-122617.00934847863
95867.86087356484,-115019.23196966795
94531.31452664884,-119885.90961827151
92499.20137895644,-115920.51459059468
91863.35061195912,-114590.02705451974
93876.17125510157,-112660.8619417022
93877.23984106083,-126006.66286624107
99814.38719357969,-122532.39480265533
98780.01403594145,-118948.7643884744
100262.13818056416,-112869.7266918408
102015.67173369764,-116187.34879235446
96608.12303718494,-110354.57932793046
98669.90349510661,-118557.52205180086
92834.82455845166,-113812.78843768314
95126.42916455213,-116077.87747746089
91917.54941876454,-130269.41295112798
97984.76154061593,-135578.14371358103
97309.98055930529,-118363.72724870488
100667.87318291108,-126135.05649558862
101710.36642795708,-124185.04750846955
101186.20804790943,-121251.15236443002
100829.85534378688,-136409.38840268506
100816.57591149933,-121238.3514008472
100640.57641157636,-131309.1070808255
100970.00980413926,-131315.50363748684
96053.92709443823,-135537.24824837502
94383.74209626962,-126569.82669891429
90811.19469159667,-133508.11214834743
96364.35285592638,-139966.8215910968
102102.85627144948,-139729.68337982113
105775.83405554609,-139190.86303080502
106449.27002900129,-139152.66955758398
104002.8858182457,-148928.79958637292
105007.65972172539,-141098.1632330229
105811.92542949959,-146813.41018861823
102994.20639661548,-135839.87604058208
98794.64939478447,-141182.55237624317
101842.16047444078,-144942.1379657362
101104.07703338005,-148815.950166438
101050.60691785126,-135400.9988243837
102075.02856601018,-151996.92528387823
102864.4202450352,-141367.725455072
100916.64968503523,-151967.51682912535
104958.97074172995,-148596.09054587397
106194.42446288862,-136027.22003799537
105704.87124036124,-147870.57678506535
108361.09604052431,-147565.6106061733
109166.17817279941,-142119.2864310426
104575.84612526721,-153258.1312738459
102476.4826920348,-132494.80658841657
99646.72031988786,-144227.57712333242
104899.65427373955,-143836.44031586032
102047.4516551249,-141472.27845890587
103694.39586545026,-157440.23395518132
100928.61604766943,-139482.7392868041
101109.90741230058,-145283.75619007263
101618.85243102047,-138018.44638473354
94759.02587275079,-139966.77344539505
96419.48255616624,-138223.29822533485
103374.20889662893,-139959.70420815411
101088.98802224582,-141631.80811300292
103624.58283571468,-143860.8122475911
102265.0018817354,-137784.45015699242
96515.71264529426,-144936.7289149497
93351.85229000857,-137136.2267652601
94186.32306340791,-148830.16752517514
91573.62445534777,-146669.11508686817
97204.82069644437,-158840.82592432725
100649.96110968222,-145040.74228423717
97809.41206167266,-147834.29414417956
102464.60979939229,-155373.45288133563
100469.64997877623,-149980.43201648968
94723.49031962804,-144009.16663519724
91252.22023390455,-150080.7828202058
95085.77623649687,-147406.53564602102
93875.00360180018,-147950.38757957844
88945.43669321248,-136973.81312777463
89496.6561155488,-137205.34031721193
79065.20667461294,-146151.07805367524
80267.22144734708,-142416.6022723863
76623.09952391498,-139935.49638396583
76020.4689134442,-141816.0104514158
70677.43956851505,-155490.77083130286
67601.38907782605,-144970.13885111886
66193.45757147693,-149385.55799653102
69625.86607340968,-148447.36673947168
68338.10361317534,-143602.23368727497
67608.76251102483,-145451.02801699052
70628.69017874158,-148267.4020218621
75080.67057830922,-151377.43765634275
84065.7976592494,-149003.0140529113
86081.59911590687,-149633.40331734065
84252.87180152396,-144588.73788086616
87453.55931554188,-157266.35733874887
88129.24806262844,-138678.52156600915
96732.53326617659,-143997.49051475036
94189.79092672036,-146519.97395661473
98011.68527582916,-159645.72940989467
95509.20463375223,-145613.43994255876
94465.18924200418,-141067.90592218156
83388.19316130783,-141669.73556879454
77153.98557665164,-141205.45417816297
78383.18427748838,-137323.9797385832
78775.64830566396,-131880.281623511
78945.96235956566,-139545.30108226405
79543.44132806931,-144520.35138212598
84335.90653137176,-145240.07296896458
80590.882471891,-149452.34515162872
78663.52250505704,-154956.17753897805
73791.92247596313,-146763.94748164958
74089.92933010019,-157991.8981054885
75175.8802350302,-143643.8533851182
75244.94923461578,-147566.50508121867
76299.95880664629,-134737.7028902924
73175.66143475473,-146598.6393941642
74853.26443684741,-138322.502996688
77284.42695963162,-151052.96972260159
74011.43589707231,-143661.7667600239
70155.32643547258,-137057.93305401644
73049.54094050417,-158875.93072369043
75531.6644556839,-160696.9417800589
68200.34001552407,-169302.16096220864
68888.74896332226,-170621.9568328485
65745.92743253068,-172208.4334068665
61260.164792341064,-160029.09475581883
65523.16022072954,-165262.5039681621
66067.0444480083,-162707.95867388207
68004.27589465945,-168996.66778583545
73851.02128940576,-160780.30100075447
73162.66872466356,-166501.31558682548
72956.32543224155,-167314.82915595837
68280.88615008595,-164527.61362421315
72922.79278242658,-172586.8446969838
73361.29128768574,-175932.98469918256
71833.20853302779,-165067.22188339988
66722.21374155651,-161635.5448248497
66581.87693869614,-187014.7308773062
65910.84698771173,-185737.35127968283
64002.885857667075,-179468.83533035673
66361.63345741178,-183304.3297146036
61578.68101327261,-177827.69582163251
64286.62068872969,-180478.74272497825
63473.50162173656,-167709.14852838241
60993.42291144084,-174156.06121774635
56156.19222408894,-168624.67089075607
50449.840628862265,-160061.9247461845
50891.967954826774,-171988.57680818345
54308.04787335941,-171708.28949612146
52111.719813705306,-180554.8416520817
49464.50230443105,-175250.277507797
48142.94472969568,-174691.22154141578
48039.2934479214,-171039.09654888778
42045.61293191789,-184175.3196475918
38279.28652686591,-175770.52020015125
42239.53240204998,-174870.86926590325
39906.029907826916,-180075.486247823
34900.90855458751,-172316.5684073997
32889.44753158954,-183423.18062671192
35621.68513606477,-168979.25935410638
37057.58573021437,-176684.20123241725
43966.04613193241,-169404.76728986902
41029.60361637932,-192946.30132636137
38178.470776968636,-175385.63887315127
40557.97555428359,-167143.28492657014
26322.668406409677,-173985.4348349392
19850.278696999536,-194728.49495236005
16457.792372542666,-181832.11823953316
16075.525972770061,-174397.46819785482
23086.28129194607,-176130.77012624894
15951.358751995838,-186974.49530646962
13679.99488303659,-176429.47478328773
11321.10966259602,-180486.06397246092
14154.058673851774,-188729.08473170525
16085.230661647394,-179733.37152286083
17136.547122452524,-180929.5935043617
17993.231346173678,-172733.4528850509
16379.197492867825,-165465.93412369734
14464.18656308297,-174870.9204137755
11720.921067099902,-175095.77379106125
21262.483567360556,-178110.28186080337
26767.092518529855,-173085.4184398424
20895.17915849539,-163990.25332363963
27308.721091206884,-186076.61973794154
31549.545623737387,-183447.1456273999
30084.579226095462,-166548.73350850632
29387.023857625667,-164760.08896144596
19589.695528062643,-167439.77131743275
9621.16100489546,-171789.18705717928
10705.693024776643,-161977.05010241433
2440.3604718637653,-177566.68222701654
4968.730582449352,-171754.47515592817
-2692.9264741161605,-164600.9285971122
-1445.8319116944913,-166314.19801920594
7648.012858015136,-177933.49374728685
14597.525577205466,-160932.8933175247
18259.14526409749,-172552.96722457558
12172.228741179686,-174809.15070037602
11839.381228310987,-172741.43025728257
9566.123250709381,-167027.09915859404
8359.023069699062,-165125.9270914637
6276.810525484616,-172176.35963208124
9052.49127094145,-169694.60564841027
11171.035403868183,-165236.33043867815
8843.630059274845,-170813.72226032626
4127.58556444163,-167059.99584152014
3156.440459917183,-168447.49477022432
6947.449560905341,-177766.62382589688
-989.38134466263,-170978.45244955888
-6392.867331235902,-174798.08567514177
-6866.785949821817,-169877.34778328508
-8677.957479352248,-169425.41750492307
-14103.518138665124,-168850.68293338374
-19002.2434924884,-168974.11574114254
-16216.061930593336,-173727.55401365005
-17626.63445168268,-166955.91977255978
-19917.92265557917,-166761.70277437638
-18519.74161473906,-170795.0458376127
-23838.87636783067,-185013.71733945992
-30612.445428187377,-166447.03716579638
-28713.468981491867,-159600.9056934832
-29885.810772976838,-160126.74521596555
-27965.736292728572,-172543.03392511397
-27334.193905677297,-166360.46008058405
-34103.91613794211,-167936.1700718688
-38204.128282503225,-168063.44019904442
-37222.4803050803,-160651.70323199313
-37072.10362111498,-165981.00065898756
-44735.42834729771,-171352.8826508692
-53827.14591946523,-170209.34212667705
-60191.636442287476,-162624.32822189573
-50209.69508117798,-167034.31941548898
-44256.23238018202,-169743.9026059442
-39963.37839425285,-159529.99576573295
-40849.21665787685,-165801.8590981469
-39072.27419865818,-156878.54159868963
-40792.37584881869,-157872.24620221753
-42348.70965676231,-160256.43980214244
-48040.00921813701,-167849.97712721757
-47964.20899384492,-171330.74550554913
-50141.580334491446,-178902.81786096934
-52823.812439274625,-166481.5204165912
-51723.6386552488,-161735.04794212698
-48651.45857181528,-170988.9235377683
-43437.389256933704,-155888.58304227202
-44720.3235430537,-164092.1519989618
-49482.68673517858,-172121.92902204476
-55438.664003267884,-177268.83531296905
-54720.4401745107,-169939.6668552186
-62001.61221691605,-160506.67250957584
-62748.3486929615,-173825.46733563417
-61663.979426049395,-168947.77064114634
-67929.70381498092,-166079.142948666
-76576.48251220444,-170699.8650315574
-88251.46343712322,-152670.9266244924
-104391.97030761326,-165256.22305317014
-109274.70778986532,-168317.91326877254
-100927.72513165197,-157650.24206251034
-111371.09543116158,-170196.70181613194
-106597.04503287445,-171001.52528806217
-108669.51393977436,-159527.81961398362
-109133.57876224385,-173116.18329342862
-104205.8869376703,-160774.14706057112
-99855.72252366715,-168526.88985458633
-93254.71514088986,-162452.75965222064
-97480.58124164445,-160557.3003489949
-101180.18487990985,-163448.72383009887
-101141.64848105446,-162620.6214791938
-102579.30688809126,-170025.16407737462
-99481.24585570325,-173390.58418528293
-104335.77744178858,-169299.7488877764
-100429.99751076067,-171965.73542064172
-99666.87698499812,-172105.26648582227
-94956.85100506723,-169348.37921577203
-97483.76180107193,-170293.4743538478
-97760.12262778915,-180160.16918440594
-93337.59013649286,-185798.89389390056
-96212.8018970869,-165281.0798746529
-99169.49036408646,-168449.60800021223
-93793.76703548175,-163779.91716808837
-93758.97903813375,-159771.06456822786
-94040.71041593316,-167181.05235604208
-93036.39421118854,-162481.1215494281
-91200.89663479535,-165477.12657739723
-86265.22710238572,-165021.4431432269
-86586.69814228278,-174955.18518767727
-85428.78133489285,-175331.79341706168
-82553.90649758978,-165466.1826679652
-81830.34822200215,-171390.16498356662
-84314.69528724335,-162979.9559812065
-84553.44767182297,-169965.28435337765
-84778.33322334872,-172637.36937676696
-90722.699486856,-164290.326054823
-90542.94316405396,-167738.5436978077
-93062.81078370684,-175747.4886277523
-86748.67570491636,-171366.45175220584
-90143.26300068235,-151588.52315593138
-85945.47330943856,-177152.528915909
-82306.94455116137,-170777.7231759692
-86738.83797022945,-169701.76056228357
-94474.43885645701,-168340.85112259304
-91967.59719493019,-172341.10259805166
-94095.38177474332,-171015.18144109915
-94676.87626861793,-163259.54911264742
-91365.18841874413,-177534.31752233685
-100418.15403281932,-161519.05482008168
-104949.14449863462,-174167.23766925675
-105767.45618323982,-171213.34226371814
-108972.99518925068,-161807.71120707295
-116093.24262529577,-181134.97920873563
-115092.9534581406,-165913.99633299885
-113544.97212280415,-184536.8744009533
-115375.81739144027,-170547.5571128768
-113153.30411545234,-170491.21171028062
-113737.16009855806,-175249.38524345716
-112306.23817888717,-179660.3886204966
-105425.47166747774,-162585.3296875361
-114038.42022008542,-167207.16251227807
-116550.2816279264,-162542.09842291346
-117390.29840819538,-168568.08325563266
-122597.67389937583,-174873.0583971989
-122675.64215944463,-168523.14356213564
-130225.73438737495,-166202.45189806074
-129008.12373106182,-170339.86055622646
-134260.09258229088,-172258.8765564378
-137405.99997593963,-163707.55819765932
-146058.05466198723,-170137.53051876463
-155057.2293571547,-178218.22518634528
-147500.84088229178,-168290.07866576465
-154186.29888821708,-159365.51653477596
-151215.26680289267,-174273.20437324408
-133971.28614378767,-160424.70604402258
-129110.99745806598,-163257.26197451167
-133917.82318820618,-165622.38017528143
-138916.37570047658,-153527.83392061386
-144433.05925901537,-159885.12023221375
-148204.81640312786,-173802.50735417847
-150732.98654476844,-170545.23578111106
-156707.4099042639,-154107.17822335567
-152051.13202750823,-164984.51051110285
-153123.61245086475,-167625.61909923947
-146174.09793877718,-172942.54016467207
-146654.0720438559,-163976.22934315086
-156606.53502571664,-163142.9798038368
-159651.6446838784,-182251.45637567982
-159066.1890416582,-166346.57880116766
-154396.97243947047,-177826.90105488128
-144271.66611003457,-174640.3956696256
-143446.93256012653,-168718.35981830454
-138095.56650267844,-174539.15911939973
-139158.66780847777,-167056.2801132223
-142696.9530340149,-160943.16954957077
-142121.17710472003,-161784.77270686103
-144916.01772849134,-161731.17601636949
-148594.7404340353,-173799.05131629785
-147752.3293783433,-156601.1936687685
-150389.47839191894,-166646.91246097512
-148975.21151158668,-162484.22753793758
-153741.8177498082,-167249.35814189026
-139035.72328941338,-174793.30525983474
-140740.23967362393,-181024.29606755928
-144090.42501346406,-178768.56167730538
-136041.17473416834,-169012.04763322975
-136210.14522733737,-156166.81096915237
-139502.430009919,-165353.23108929058
-137130.214526781,-165850.7121589986
-137216.83033311705,-168577.0254089164
-134454.3195204382,-149979.0383900312
-133011.49639375415,-157759.02370922582
-131667.77500205254,-168497.7538465656
-132753.19012506225,-168540.5788709371
-131356.3608159218,-161544.06814997364
-131820.44251634122,-170058.85999109887
-129794.75948281388,-164224.97457067878
-120545.34548161458,-170285.42524905538
-122083.10216329456,-166526.34917351964
-124362.96099386842,-161927.02205635596
-122305.91665455524,-160817.44080183783
-124028.29867424548,-164910.02291311906
-124875.07814439829,-155830.16794809978
-130597.72221380286,-160413.30044344522
-134095.1632276266,-156493.11656907003
-130712.79661708965,-157095.16154056438
-131876.6218238843,-162344.855627103
-139565.22363882966,-168845.948446578
-148854.3227328353,-163489.7074095275
-149918.91581706377,-176910.73589044285
-155987.48268283322,-163211.44253810972
-147214.9218461878,-178884.49445431773
-151538.7406451502,-172482.5917451249
-153353.4075488241,-164544.8649144679
-157911.12430970895,-168861.78873207932
-160867.42206448514,-171695.3476731819
-154665.13840849977,-156446.48819663026
-158903.62679097964,-168827.19360617688
-152147.4915643714,-171497.27469049254
-151585.86808059004,-164782.04030639003
-142449.91672633926,-161886.53674274078
-139127.7228755894,-173279.38873554394
-139766.10406374733,-169900.30657985632
-133413.1104363905,-176886.9422803528
-130843.94182044861,-171050.9401154702
-129678.43534480757,-165845.7641459126
-125804.06364424841,-181129.77563112637
-123098.22424759029,-157259.8124015038
-116931.43059462262,-158879.20278896182
-120473.61510089424,-169887.99782986403
-122912.05534491036,-174557.89624527365
-118749.35575318686,-178217.8621992512
-114890.99724523118,-172551.1304349188
-113834.0226389924,-180221.2893232567
-113324.99656262412,-164867.32647410478
-113937.87490258948,-174465.71799477178
-119964.03040124662,-169333.86452483665
-119849.95132720307,-168959.5694007713
-118313.88988301111,-164223.88807602762
-106261.3872904327,-177544.9848900506
-102298.14820316399,-170480.76967268426
-100871.45003531617,-166463.76780544757
-98018.27381691756,-167814.76278344262
-99903.69935403042,-152189.73848374328
-106302.7058875974,-160334.8483075716
-103621.99698816473,-164358.75721956394
-99244.29792439833,-163933.71632508526
-98776.31801774458,-156240.86041123653
-101401.28137772833,-159594.8575469416
-106754.7074441982,-146695.3490749984
-104284.12992311514,-171575.19721819274
-103865.06164574181,-155996.6517124239
-109555.78434550692,-163118.08128693094
-106730.00200942706,-154747.5778393926
-100890.66156295361,-148727.45734957943
-107265.68372165714,-165746.83857147745
-111720.81908091065,-151082.20010361576
-116567.65819834662,-146309.7045552889
-127635.3810920323,-155129.69361730432
-126496.03603754693,-138593.32917539752
-118468.09286968666,-154097.96092859446
-118532.83026863029,-141548.76554256014
-112989.93329472514,-134192.70335569803
-106182.24412317434,-147772.8302690558
-113512.25066622044,-130243.86746927793
-108734.14090199489,-141500.68235582532
-106233.9319630278,-132675.328234419
-103523.71698744246,-136387.5270265158
-98739.206634779,-117033.05393022252
-106421.34196217661,-135651.85761517822
-108432.25280689681,-148090.12658633
-112868.60337602918,-130761.4378919201
-110303.85764884145,-129780.18097591435
-115244.87484225119,-113995.01168524043
-110896.71755076142,-121858.24086790101
-109515.48495975079,-122276.11140332301
-111926.28682355885,-115805.77067460446
-117625.63352537144,-126810.42188503267
-115703.71855994,-121695.76290254726
-112339.099875569,-135315.48217012023
-106866.63650517596,-135826.56185956986
-104698.94445643667,-142555.50234669575
-109563.51048771432,-132603.68234064232
-103366.83099298878,-128282.09841813578
-95829.76981508476,-122737.5390378458
-97323.97739438212,-131505.24834236468
-98116.89043388085,-134640.12725754932
-91376.9425288596,-132307.7311921158
-91245.42445864098,-126170.86915066605
-93902.12069705513,-125550.18658946222
-90368.98692888604,-121508.54271711747
-89048.06937285175,-130634.07153205678
-91051.92559784034,-137129.48120779404
-87883.2124479533,-144323.6733272993
-81171.28527781402,-135597.8352255231
-82241.86644927587,-124628.67256142676
-82583.68112658511,-140276.5116173831
-82678.6333709046,-130848.19047581777
-75844.67971761839,-122972.73132914817
-71085.44217962818,-127581.22991905501
-69413.71892128862,-136412.76188194717
-70166.25452606031,-127567.83098267356
-69965.0583901148,-140250.04157924664
-65050.16410288296,-125574.70598019555
-58415.81166112714,-129294.8212386102
-48362.9493443782,-128133.06015352218
-49936.69210931519,-138458.1103228461
-54339.021697624936,-133501.95901678235
-58898.40745002497,-128918.08985560911
-64353.54660393926,-132506.92177492054
-64094.14729081036,-141708.16078034497
-64300.21482587105,-136024.82963564259
-59446.01973380905,-137961.48504238704
-58110.57041817752,-136726.05402583478
-60015.37124576676,-135357.16732953908
-63831.01850181213,-129514.71165904391
-63817.832686179434,-131754.55993461562
-66464.66578011413,-125037.50890041422
-66676.88774961059,-132197.8996259577
-70127.1946122502,-134425.50712322153
-66234.85961196502,-133814.628466264
-59900.95331057755,-117940.35834799253
-51852.83282666665,-127848.44521830196
-53712.43649886374,-131071.49423223187
-47994.00472224876,-119643.45321228763
-50138.13196909276,-130780.14478605229
-52859.05601281347,-133820.89190946717
-45631.72719910997,-140350.91088217846
-36057.49793614494,-123067.83486907522
-27845.839286313392,-111232.70135306742
-10138.88530047203,-120181.08035527193
-3480.883059577318,-110569.52862967644
-10530.543780600536,-115025.1519080631
-4349.724064840353,-123490.09740825696
-6689.527117042453,-127313.23622473271
-7708.459981067572,-120947.45577689062
-12270.087173835258,-121743.20168738486
-14726.279373198631,-123544.1682995049
-21341.000992257847,-132868.92509157036
-27358.723864472588,-120379.20792266692
-20451.070530631347,-136023.3666584628
-19693.668468423653,-125099.75267926895
-17482.81117347593,-124801.81928128877
-16570.48085173592,-126776.95701156557
-22807.693244264694,-142390.55613578833
-18503.87114919885,-132881.5481017402
-36277.51375185896,-132074.56423972722
-40859.294324897695,-132920.1341102532
-43493.449504941935,-134737.76601294323
-39315.38920696755,-113477.02590854827
-35178.51764672808,-127551.86781731504
-34336.97957156529,-128045.12598770135
-33621.37300030829,-143159.96704653045
-30332.194325011224,-136471.42699619103
-30518.678665822372,-126853.70166115649
-24183.721778024337,-132231.63779979688
-30706.175734684337,-129931.41960770893
-31904.33299594943,-124749.03714067594
-34725.09732328949,-131409.3769529654
-41852.15756935184,-141455.98949628568
-42033.254731077,-151083.28319857863
-43481.68803521001,-139288.77135896077
-46780.40257590858,-136545.01490182
-46357.361496958416,-138544.61696266127
-47327.275915022474,-136616.7488721097
-52985.26697827864,-156019.11674641946
-57052.284534735605,-142456.09308135882
-50829.18293322041,-120877.8686643379
-53421.48543618177,-129289.64246197499
-45849.346687855315,-118892.83987997286
-53220.85984379228,-134581.28511051112
-50803.21232477063,-130549.69847771444
-59627.5242799609,-137993.44200672
-64052.74428641959,-126055.71704086289
-65384.14098253788,-139367.6773692679
-58803.07101079356,-140496.49861467886
-64163.92799057264,-126964.93246024824
-60926.09192412102,-142677.08354168094
-63171.7010659487,-117151.81647215108
-64671.12863984413,-133507.20546869736
-46683.774696184904,-136209.6080938537
-43658.31001269515,-139648.2928943826
-40225.075246838736,-137855.97788608144
-34450.75446972763,-135297.45485708537
-23288.369047872373,-135754.95696173888
-26780.548729689093,-138605.3044764056
-21336.51643970178,-130077.48574830615
-21778.5607169749,-129991.82670800411
-26137.832083021174,-137305.15090421843
-25746.824456789414,-134021.0771988458
-30551.059352139942,-126996.80950747465
-34749.15603350289,-130327.57225814159
-23296.160409010714,-132895.3204827702
-22664.123139309115,-136515.5364961594
-19793.624098638073,-144898.5048031488
-16075.525406648521,-132896.42311279662
-9449.813949584379,-135317.47817931778
-5054.30708461802,-135407.40899090678
-10612.264190797694,-144907.2737654131
-2280.907929951325,-134144.66739150044
5912.178841741406,-128873.3623587602
8885.373441736563,-123403.23056195804
17394.049603587482,-137952.78879226535
6660.302529335022,-143305.44534943998
12316.83437479788,-136042.49655859917
6838.951891555567,-132808.50813093106
-9816.809996994212,-142246.61214607325
-11270.768082779134,-136128.1204433838
-6783.338858518866,-126912.00515482691
-11989.880381432013,-140872.83218113892
-821.2592749414034,-129749.7215615646
4723.284274763544,-129312.27746181935
9239.86734456534,-134884.71861172153
17342.31878320768,-133514.41668610927
18975.16855014756,-126028.73653520166
25686.438460523263,-109770.88582725544
12972.721850361675,-154431.8199803268
9776.197595467209,-132919.83592411643
15235.793315319577,-135575.3693651656
13104.586401068373,-123823.0318335311
6404.46535339742,-133564.31214935053
-4199.8661984563805,-138209.57087694458
-17952.619093410205,-135990.5331763943
-18845.78020674875,-143241.43803630606
-22191.342413924052,-136290.31069014664
-28353.987996982294,-144020.3118808705
-24977.46749405912,-146559.70860640064
-28479.94883163157,-144537.34937588347
-22570.925124568632,-155211.35402956104
-12196.721222929657,-131445.7601429671
-6928.675847025588,-143013.08276280214
2759.748190489714,-142773.79278552113
5373.104714239016,-140771.36282315163
527.1342273998307,-140500.06422262092
-16653.375075533055,-134621.4434660338
-11442.835070757428,-133491.08908359078
-11382.044413620839,-126631.04751456773
-16538.57459007774,-144591.16731414513
-16962.480149554904,-141119.22680931934
-2662.8421396556078,-149449.77226758027
-7428.368362313951,-144811.53224281315
-7451.100373378606,-132671.67192174366
-8374.12281918968,-146838.36181139317
-11020.873358800425,-141101.87778434716
-15762.323205748224,-131229.90793947608
-8741.914261852507,-149422.7274722238
-6720.030865197186,-133988.56751159218
-9173.56136804982,-130401.49272557546
-9668.472734093084,-139231.1393818308
-14163.09955104068,-135804.00936100143
-9235.244667129009,-139115.21415207942
-5136.844282525359,-153263.84664916014
3360.1434103430947,-153744.84487249702
2396.8373508421937,-140799.38398639217
8575.806606633822,-142321.31899058446
15406.027263478027,-139514.27960218396
15213.822901911219,-135892.89873441064
7659.1783600397175,-135707.34862279356
9907.435786444112,-134518.0472096504
23255.681831328315,-147519.95661508257
39319.99220945628,-133520.39430178353
50774.208196783904,-123107.69905610348
60981.56121754588,-131520.62433553964
53214.76795213239,-129136.22880016733
60389.67258264776,-135483.69657584827
62362.458556756144,-141700.9472364257
69005.14233632106,-124356.2284088463
71881.09151263279,-128194.31100906187
70921.12760424253,-145565.66879748204
74215.81803889934,-130852.77768688672
62709.37095793872,-138086.5692364066
63975.044375078985,-151966.98002741567
52361.57751765603,-146616.7307311662
47743.94251303619,-147092.70385853795
48187.21036967996,-144140.79076646408
42260.60200349556,-143897.1116068384
35849.883093032055,-145524.065886306
35907.07033782883,-138576.3663299738
34387.42976235668,-142020.76110613218
34978.53454126313,-157390.37842605135
30791.613553837757,-144530.65866321977
33355.10542882397,-141295.39060183102
29920.916159080458,-136737.5980126547
29365.43294901296,-152982.9215460032
29176.488418640336,-136995.5620985122
33179.019424346276,-150520.78809958533
30047.91457988345,-158528.8962340285
30235.031937136664,-146122.97703767952
41003.20296835492,-151623.08616323385
38417.69387125864,-157380.04360822425
42091.1185326071,-149143.77312781778
23016.391160457395,-149820.0256886367
33245.45071873593,-139461.80751859793
40164.29438694613,-140044.9887614916
35510.04735887353,-139981.25928001502
33942.08772203117,-148649.51004422165
37011.57704225823,-136048.09222879808
40545.13480873511,-150176.77742919652
36475.712184018106,-134574.99155755434
36873.1380079356,-138836.85830770794
41304.71091128839,-139625.00558130816
39015.3857907441,-154099.14012099057
42145.40006928786,-150889.85882061045
46055.724297642475,-141336.5063007665
53261.734367419616,-146364.95204619376
52806.78149626916,-147849.896641972
47911.9807285351,-155981.17051647173
50942.043161112815,-147402.43893913028
55170.47091497725,-144879.5062001543
59322.58312222466,-145533.58367651713
63211.63158395176,-149133.58710325882
61466.785109379096,-141079.45684512972
53528.30240012123,-139548.56362496817
55998.541125902906,-142606.9918299534
62165.42620462389,-159189.73330969678
59584.79040931561,-153719.88275170862
67134.95622411324,-157069.5064093849
68396.750247158,-166958.9561591656
69351.5001269572,-161169.70776576898
73365.46408203407,-151923.19472735445
63365.02487532154,-169596.5314874784
66596.412642312,-149552.70736963092
64269.74270299694,-155140.1354807607
60721.192655506195,-153249.95727121655
59694.54192694451,-164243.20138198265
65629.20538453478,-170928.12779827008
64727.382701951894,-141953.56198934512
65239.86294173589,-158892.7266246432
72358.03712066647,-143785.13051383162
81488.03229174658,-146756.49574756785
73872.74009807862,-167240.4824924284
72407.79942358332,-147988.18534767663
69084.84106958401,-166178.51555300155
66299.21812804916,-158813.6200868924
59900.762469347916,-165238.84127292957
57637.96207941754,-167515.31359595782
56008.26926336717,-161779.15910897823
57516.1748204747,-169738.66004450736
59025.16825526883,-152419.6155226737
60979.71800760052,-169705.32106628467
56208.411216092994,-178699.88939588738
55770.49991635943,-162756.18034381198
57761.95605591277,-160617.31056089164
54354.28351439675,-159035.09893611597
48717.54191614827,-169543.33818768885
50201.96423197654,-181282.47683163616
49755.56500529207,-164885.6436492036
46098.06277417112,-168459.74846641638
52994.3104715806,-176305.17095225328
54700.796121324995,-172992.33374446107
42705.91297742096,-184077.73990146432
41519.5244144419,-177409.50054436363
48491.54554314399,-171745.87104405055
52318.161658896715,-170672.41427694657
46346.93817610876,-176054.11238470592
53445.05001999915,-181482.8356430825
60260.32780808024,-179534.43873811036
59704.19199931773,-192779.50193466328
60432.55036553356,-177962.89258274832
61026.78875138133,-185453.6776870099
60341.118521958706,-181668.42872760817
63278.24456545827,-175395.0405580334
61685.94841074734,-186669.63834866148
64689.50113688607,-183357.25677340245
72873.92821424583,-191519.68814432574
72577.08778852702,-194454.26872917323
70138.0598671399,-193587.68665852922
73787.45834884187,-195013.57381558686
76494.69820122514,-186986.09104121558
74640.81642405747,-194364.21303384076
66159.82399790047,-187399.0287477706
63481.78195904137,-187979.4852622964
62403.33457323827,-220504.39650387783
58202.08338005538,-189210.07755467785
47389.9572416069,-197268.1460723927
51195.01346730103,-188440.69929423544
52662.54165548785,-197776.76659464242
60575.270653930726,-216327.92599776702
61581.43882852234,-198632.5563915025
62487.49398350925,-210383.64287528407
59282.41030079534,-191909.27602925838
56198.05923435488,-187044.2610694446
55535.98998203548,-209290.0307358523
55304.32872634416,-196823.78508294292
59199.56927745731,-223474.15043691092
63510.32342071901,-202625.78625945584
64320.4484904689,-203700.74643206433
65616.33660971199,-214691.65443649387
72198.98588660697,-207689.93591232598
68194.28864623606,-207716.60837559437
68765.68156862911,-206837.06309260044
68861.12376064924,-207420.7934428485
64792.22345122439,-222009.43666236254
69277.47804154293,-210191.6651787092
61791.10821568535,-214910.20699063898
61410.91626781272,-201555.21771151887
57982.594292418915,-220468.91674215638
56370.93061766587,-214170.16681748524
69942.98504993354,-202293.26256394922
76161.06512118992,-214351.00512119103
76279.5654628881,-212478.4250294508
76685.02566288051,-207280.12032335973
69806.3085179656,-211094.41961638618
62461.86183220742,-209877.28405554115
70256.37949177832,-206852.1902482392
74236.10401541798,-211843.95362753118
67867.65916228574,-219119.9110511297
63775.71743314038,-218536.5766997186
70669.30418243515,-222594.67180690193
65617.8587606817,-204480.65265252942
62642.76334814157,-203895.02002707554
58158.810385435936,-209529.27892086736
60667.855951567995,-222618.55219455808
61479.711857379414,-222545.6883023932
55639.92655853566,-222080.55442382407
53664.99583405198,-212686.31408787705
61202.02647798939,-233491.77901600697
68205.69897569332,-219423.37522371847
72331.62485505734,-222565.19328259118
77094.89258892764,-228397.62270761665
76883.37353188405,-235276.94168347213
68535.79576214927,-223926.85161791323
58512.438604997005,-230913.7040116567
61663.73576790083,-216965.98169223324
65135.49684052495,-213199.4468411936
67851.99555018684,-228358.16305846337
77703.94708457508,-211619.51566718298
78012.4390783715,-218764.6224060615
88613.2859668081,-232204.2684569601
89128.398369667,-222560.25936465617
94797.90899799066,-205857.1542588619
91792.58137459366,-216834.52315231436
83735.01236753236,-221692.6735259184
86979.26184146595,-220746.97616544494
88422.96906467597,-223168.76136109664
84655.59867566777,-219547.94294707896
82313.3219574528,-212896.7236395639
82598.61356509826,-231127.4564531215
75908.69916807674,-219179.4124498294
79047.80682640849,-233274.78599460784
79310.22459595161,-203396.3083465253
83484.05184923136,-220177.34961093566
85286.35175085464,-207731.66762010427
82573.28836207767,-231481.0324008281
83593.54791182582,-234290.30289631558
84796.1077191343,-221462.86910868215
84271.53525421454,-239120.64656769054
87995.17819240538,-229489.618444448
83448.74553862563,-227365.03170253453
91987.47148399113,-219501.3134206857
96526.6675962134,-208694.24891375098
99723.92831027566,-217830.0858084329
99524.76776362746,-215349.28493862285
104283.1343386895,-223210.155281147
101631.79163588153,-221485.88827828388
107986.44690655684,-209346.44832007855
110860.92652190092,-216143.1038582268
116069.50599410699,-214598.3391137555
121879.23483680654,-227101.76505176164
112360.04304772627,-215788.71769189055
119252.41468708136,-217931.29033073806
130634.99164031714,-208022.27261873556
128461.97653356253,-204173.1371032952
130824.0773058891,-230377.38964136248
126906.30443545501,-207726.31864814844
120166.98846275604,-201569.86219344288
113469.86558144493,-209990.28121422604
104426.55648084311,-209416.3986979099
109556.09793274279,-216118.70739615476
111822.0731180677,-213765.56130957243
112238.50941043254,-215896.76998599514
118820.45421900495,-228196.23770657135
127368.38279756985,-227946.09618452727
135764.02358997322,-239061.90078736166
140543.7409294491,-216876.6458895423
140096.82197518076,-216903.73346080433
136514.53343152918,-216152.29630502476
136105.05599732697,-212973.13470315072
133012.23094824317,-213532.19378070743
131275.70751590864,-216766.47172453953
132682.71929527773,-223377.38461790013
125486.77600584971,-218390.62706061534
120028.45320366998,-210602.3850198849
107039.4527862526,-223050.944641795
96553.60080476908,-223453.7976342243
96603.63069293823,-211850.90464455448
91068.33317918656,-223944.29222334502
90364.20135398512,-208134.38221814297
93811.83812075318,-226886.47047622444
