SCR,Realized_Delta_BOF
-131390.7756023130,140624.03143451600
-128660.24802851400,148740.8875457460
-127960.58234826200,146156.7946051550
-126453.05052753400,143472.75647428700
-126541.42996864200,140659.07499658800
-127144.66294781600,137986.79752264300
-127257.94637775400,138454.94483721500
-127847.04109292900,136223.04731919700
-127149.73319826300,135881.31691249600
-126243.7353039690,134213.87576534100
-125358.69622453500,133007.04513086800
-123763.16292635000,133729.37115997700
-125161.69218220400,131978.5885376210
-125824.01694896700,131587.26601040600
-124914.4363345250,129352.22372150600
-125624.56013475300,128977.62078410700
-125461.2098735320,133096.38707107500
-124600.88499118300,132063.9357269550
-124795.27774592400,127478.52182527800
-124914.46156332500,125455.6115094710
-123801.66919107100,129262.61719838000
-122743.49618929400,127419.58112172800
-122968.77081113100,122946.30368236900
-125107.89526840800,123114.92987332400
-125819.46521129500,127075.83454074800
-124714.56481940200,129262.52071625200
-123433.84443322300,129766.2279458820
-122813.1613503950,129247.5823822220
-123781.9441118860,131333.51514519400
-122506.57571556900,131949.84628506100
-122656.9305100740,130967.55876614600
-122767.49428541800,132347.84151878800
-122695.03403174600,134176.62781683600
-121920.36504229300,134417.90613034700
-122317.96131760900,135353.94676031600
-121851.08069607400,135538.3658309470
-121866.18659876300,134835.11131663700
-121256.80654915200,132246.85948626900
-120763.85033306600,127003.50529915300
-119758.44787161000,121060.54825018100
-120112.34941722400,117826.83427507400
-120370.27340521000,101222.26179042300
-121748.14020050900,95394.82267530440
-123200.85320175,99631.45439053640
-123554.84332748800,98048.50051703000
-122764.81827987700,108017.45959251700
-122727.31515454400,98946.25446416230
-122489.39885838000,90999.0764908368
-122038.6632560020,63588.99989511040
-121579.43705012600,62089.66429613220
-121137.35699351900,51915.64573713810
-120520.64095756200,12224.979421393900
-121410.89332090600,16471.85133961860
-121707.31194691200,-18642.325633052900
-124119.48859807300,-22376.811424600500
-124507.23035537900,-47402.09390215790
-123382.34797414000,-41155.922261344700
-125711.61389068200,-40931.127943685000
-124921.65012397100,-53893.80933985320
-124391.86398655400,-31671.565710266200
-122817.96946170400,-24794.516010838400
-122591.902414832,-8624.272861700270
-121392.43342578000,-12804.455900584100
-121412.915022255,-5581.083938617730
-120955.950589346,-6654.266041543100
-121155.19017348800,-16224.693391765100
-121951.85285879800,-12623.164810339500
-122491.9104243960,-14651.199429901900
-122311.19426636100,-4252.683280728530
-120564.67818582300,-2836.1557958819900
-120097.15554171400,5629.123402619150
-120224.58222944600,16476.96175719040
-119865.21411728400,22103.48672149380
-120621.94238355900,18876.301166968900
-119439.02702956400,17809.730330952300
-120753.63004906400,23432.746710066900
-120461.54808603100,15803.000740865100
-120534.60173778500,7129.291860081490
-119809.32841813800,7971.642429245400
-119558.02886834200,12447.699105906100
-120863.99751031600,16105.710138334200
-120117.14094994900,21000.78770816520
-120785.02301614400,22313.148939430600
-123305.41536598100,30083.056311117700
-124041.0930406850,30002.909086045700
-125181.37103912700,21454.32092102910
-124318.0875555080,28425.655264873100
-126711.71086360100,23867.214984713600
-126282.95966887800,33037.50427024240
-126727.55157401700,33478.463614485900
-124927.56363085600,29402.625566785600
-125826.36102430000,22927.42137811690
-126123.92240417700,20350.125818162800
-125319.54026935800,21050.13267245420
-125486.02768366900,20504.14368551980
-127395.94475648700,28582.735847305300
-127340.96576394300,30683.970982086600
-127893.67958299900,33653.443209872500
-128555.62998716400,33594.990909582900
-129739.49813870400,36096.02559600430
-129298.86125538200,39377.688825937500
-131431.9846909620,41661.44851750320
-131812.7477084890,46596.284663930500
-130494.04832360200,48497.16593611420
-130867.23915403900,44922.97489207720
-130101.45959270200,43697.68980700480
-130515.30204851700,48535.825759026800
-129209.71539068800,48796.807576887800
-129261.73439272600,45661.39866281830
-129650.77417660000,53118.60514293060
-129265.40219234100,58129.943246493100
-129376.36179866000,51106.27972246650
-129197.3558225590,48591.387461593700
-130579.03430831900,37160.427466371400
-129449.13587027000,34621.418286661700
-129794.78969261200,35383.81204795470
-129129.52338151300,41504.21559578290
-130252.09299176800,45355.835173456500
-131611.51534167700,45948.981339875400
-131582.59782752000,45991.196595877500
-130792.59677194900,47979.63550769550
-131084.55575710600,45764.03031874840
-130712.20222644300,37601.78521095300
-130511.57593663800,35370.02943347830
-130031.85380190300,30119.716848735700
-130332.59103048300,24820.94109094920
-128790.61564436600,27076.024972306600
-130159.10937418300,30065.543186456700
-129248.20154358300,35951.797491808000
-128178.2406299400,35727.93252516610
-127503.61497389900,41334.99041463560
-126746.85807071600,41251.506806688600
-127739.76890179100,41787.73177447140
-127835.32662694200,39800.39713853440
-129436.25801804500,41964.663957212000
-129642.45270059600,38347.11107688070
-130599.07046057700,39266.30862733260
-130967.58403635600,42357.851744427
-130198.85799459700,41214.88172729550
-130539.5245807900,38171.01170467140
-129593.57249363300,38999.96758983790
-129821.39111532400,42751.50509361220
-130740.31439614900,42354.27727566090
-131153.18475256000,39644.585576583200
-132454.92956097700,38086.2771426182
-132933.20881852900,37233.10072672580
-135081.85593815900,36898.09291169800
-139189.6423074940,41044.46717852080
-139194.59268880600,46229.98376522230
-141446.41300724600,44397.12207159230
-138762.4424631930,44010.953687925100
-139840.39481643900,45957.79703592520
-141302.53091401900,48564.87092195490
-140098.6721723760,50683.52632644700
-143092.2649181590,48614.62018183610
-144036.68021405000,51864.64439869980
-143337.47334698500,45811.90504889450
-141205.84787998700,44931.92916926300
-143222.48726696800,40928.40351931790
-141699.14633666600,39464.97091404340
-140388.33803947700,38532.45868137050
-142840.61331410400,38617.51780789940
-142584.9754901300,40687.097082174600
-142926.93954479000,43088.65995991520
-143176.04297259800,40497.75873309990
-142014.10192718100,39300.41949391370
-141823.3371231990,35203.646416276300
-141356.03704112200,35520.800697034200
-141516.84687680100,33350.131240874300
-139912.88576516700,33005.511531099100
-137337.6985196730,31268.786755519700
-138149.6956771940,36038.45804876350
-136983.58327305700,41741.922235089900
-136705.67199608500,41538.631512916100
-135576.72832597300,36559.532713033700
-134531.76543131000,36048.18850212640
-132434.11388664900,32150.115816839300
-131803.25079799900,38084.656323821300
-132016.4774012400,38221.946220257800
-132588.85354131700,40165.64310952220
-131945.5705559390,39171.0285847669
-132313.70912540400,37847.10416966960
-134132.85779732200,33019.30154457600
-134575.02637237600,27081.322998343600
-134499.13521591500,28255.683646141100
-133881.33500966600,25468.185260815700
-134897.54365525400,22265.304335006700
-134121.49737936700,25308.463755533300
-134395.06065748000,28704.05682706510
-136349.55610687300,29767.62736756080
-137663.16448339200,36714.58160739260
-136616.35270034100,36601.597050411000
-136904.4167104110,32865.55816472090
-138443.26207621100,35782.66564458000
-137023.69853686800,37597.47628142480
-133942.86801019100,38935.209231416300
-132273.298177274,45404.970924445200
-132396.7767599680,44260.314779337500
-131622.7897306580,47418.551962888900
-129868.09819966800,46163.1284985824
-130268.43035434300,45697.62916886340
-130198.2262170060,44337.868377946100
-129124.13174829600,45173.34943135890
-129612.4869329630,43169.75878886410
-129854.52984414400,40322.36380669650
-129524.15837381300,36051.65429526850
-128448.02318884700,34676.82790972190
-126964.20499678500,37063.69362348200
-127407.01964850800,34466.81034780590
-127432.50859343600,33661.568905540600
-129396.05216031800,24060.73536456030
-128516.16315568900,25764.111311459200
-127169.37296285200,23902.601148148500
-125715.84137067200,27462.137578605600
-125499.09943457500,31690.873293884400
-123553.77922166300,39801.86183540710
-122968.89901669600,46378.04197272660
-123219.02490515600,44655.406508287800
-122755.21685526600,48855.69262606460
-123996.5767726880,48901.20053365970
-124923.3275949700,52634.56301375850
-124645.7950004040,50177.54976718860
-124953.93807436700,50841.382994151700
-124813.08304304400,53735.653397405100
-125850.15256324800,54324.42417207400
-125205.8286603870,54540.964922505000
-125217.32096489300,57907.22004924890
-124532.02106557700,55727.25646229720
-124967.01894382300,53307.742334524600
-124020.05668188400,53475.40482888270
-124193.19826130500,53068.97589918990
-124390.23415450200,53857.4183136659
-123761.74248683700,55416.13192812820
-126148.38555183100,60350.889867480100
-125932.5339275990,56971.130451406900
-124375.9391260470,56140.29176862760
-123422.89361251700,58682.69445363010
-124330.19335048700,56826.8556189806
-124308.61740278600,57475.93006293030
-124525.05618689700,59714.51523525130
-123779.43386262100,56423.70722756200
-122612.4674799950,59089.02839536870
-122559.36701084900,55778.25505452740
-122577.65903893600,53793.89732740110
-121752.55310685800,55321.90725853020
-120474.3108589590,56917.87698823980
-120307.75561750300,57495.738705677800
-120589.65391267700,53379.00545072820
-120551.9547355280,51035.40033087020
-119743.67826267400,52689.412507228800
-119835.0175921920,50687.5033145108
-121518.93319875900,56174.17380264930
-122457.31807287900,58142.20861011880
-121807.4081502280,56249.582264435600
-120809.36915634900,52787.804064724600
-118980.63936545600,55872.3773220405
-119135.21152908700,53389.77796325810
-118275.75682143400,54605.08228181420
-118436.47365822200,52021.32372164050
-119267.17951919900,53372.55524383230
-118777.32178483700,55995.08309789890
-117853.51800308500,52954.729796860100
-117982.21940297200,49817.30317342320
-118347.11442102300,52061.5552026931
-119153.97231389400,50971.16787378820
-120040.06785304200,48852.34612470000
-120628.26255066400,47716.01594600820
-123904.53294854700,47392.41019530300
-122819.15911895500,48064.842011391900
-123112.76376808400,43218.787127928900
-124165.45317862100,43329.623139016800
-126813.20207288000,45009.82182400100
-126603.39116777800,42462.730958452600
-124100.53337267600,40481.948396864
-122048.95094120500,42362.012084191300
-120864.40789005100,36431.1013090068
-122425.18901338500,39040.14490874780
-121784.75160316700,40691.36503973180
-121437.51053308100,39040.87873905390
-120219.57048048100,39837.68385718090
-119990.28631452600,36883.5281522288
-120687.40180432800,37341.42747365080
-120497.74631432400,35872.75307736630
-120744.87176698300,33483.77961410550
-120185.67955674500,32652.419054598000
-121084.51326822700,31258.96514351180
-122478.07018332500,31467.928297008900
-126850.3067519380,27372.75429331400
-130159.28118620800,28195.270439603900
-130705.96842093400,26062.381331495500
-137206.87771300100,30902.17371515630
-140683.4885932080,36130.62438595690
-139826.46749403500,37776.78786081430
-140350.09009287500,51698.962855102100
-138839.84042776500,48819.44804511920
-142556.53027060800,44709.64170798150
-146809.06534575200,52944.11926107910
-158783.7684633380,43180.54269605290
-152835.15590086100,44450.28072043650
-154768.46647908000,49375.67763866410
-161958.49770055200,76776.25331045150
-151705.29784075100,77900.7890527451
-154379.7509306360,90367.37716978930
-150866.133998002,133125.34233262800
-148318.5625331780,131920.06626428300
-145003.87272751800,170179.15043233100
-148993.4713566310,173991.32044069900
-150330.4435113730,206057.84188749100
-147093.43777889600,196361.04801816100
-144579.31443659400,188154.19234412200
-143627.15456003700,203735.35767552900
-149778.9846582780,178230.97795942800
-149259.6386243180,170441.7866244660
-148746.9111000380,150550.55565345100
-150069.51295671700,154981.13786818900
-147623.63496501200,149242.64704307200
-148574.36146011100,148007.7633135930
-143049.692221761,158700.35977998100
-141206.28267030400,156225.60202826
-138017.1204747460,165634.94541604300
-137969.81941779900,151843.53396234400
-138108.32438585100,150530.40421557000
-141684.43881179500,145199.11072291000
-140944.14484099000,132023.43216888400
-139335.71253367000,124692.65003411000
-139596.57698796300,131066.2927926600
-142543.3510785820,127516.86414236800
-139659.35597290800,125148.48984305600
-139633.49518238400,130420.28933654900
-139565.79691157300,138673.9746595140
-137816.39498296500,134166.43151631900
-138769.93727642800,130315.60553665600
-138023.4232452470,127661.15952360300
-141699.9402818710,122915.51547581000
-143623.28022578000,120784.89974353600
-142936.0496522330,112406.14781779400
-141937.03066013900,112672.38023228000
-140976.22703512000,122372.87500609700
-140627.497387426,116363.5411065750
-139817.19674497900,122662.7865778260
-140204.80388628700,115828.10840357200
-142352.93724740900,114072.71617998700
-142929.08409253600,116409.76636089200
-142506.30111737300,120588.64465272300
-138923.6792343930,123227.68738594500
-138283.50419522800,117867.95064494800
-137548.78636599100,112862.89675614400
-138242.45960083300,105112.75576736300
-137881.89466921000,108391.96230354500
-137544.40041109900,103301.31683375100
-135059.89338915900,102333.04024015600
-133599.9887363200,97771.34199377240
-134156.6783823010,99566.78814172080
-135355.77581806900,98166.60445437850
-134073.9611036770,96127.53455365990
-133984.20954589500,95506.6135928121
-131285.69972959400,98664.10351563550
-131792.55140734600,96829.14814402440
-128390.8171426900,93786.77402236920
-128511.62816118800,88845.88555533330
-129617.49871512700,92749.86722136160
-129716.20968350500,85810.58713313200
-136785.84787104700,80984.20058773750
-135869.16599050400,88961.56993780630
-136322.81826322400,90188.2062616736
-133262.3791854190,104815.15794796000
-133594.57989836300,101684.09936781100
-133961.43254795300,102197.96383949400
-134200.45054659200,95867.86087356480
-135673.35350042300,94531.31452664880
-134894.53385556100,92499.20137895640
-136489.4041624990,91863.35061195910
-137176.6590135980,93876.17125510160
-138516.1460660910,93877.23984106080
-137708.74862154300,99814.38719357970
-137204.82915906200,98780.01403594150
-134536.1937397620,100262.13818056400
-134436.80228172300,102015.67173369800
-135109.11685313900,96608.12303718490
-133876.00190210300,98669.90349510660
-134392.92731642700,92834.82455845170
-134406.70021464800,95126.42916455210
-135156.1118075650,91917.54941876450
-135415.76712100000,97984.76154061590
-134130.4257334830,97309.98055930530
-134262.1703285860,100667.87318291100
-133567.90350649500,101710.36642795700
-134773.50425835600,101186.20804790900
-134443.97522126700,100829.85534378700
-134125.29236263900,100816.57591149900
-133962.28515768900,100640.57641157600
-135641.67003455300,100970.00980413900
-135894.11462048300,96053.92709443820
-135726.57606400300,94383.74209626960
-137323.8559304860,90811.19469159670
-137987.2966734210,96364.35285592640
-137686.65618110500,102102.85627144900
-139889.8271599580,105775.83405554600
-139358.79340964000,106449.27002900100
-137538.17201996600,104002.8858182460
-138527.33918733300,105007.65972172500
-137328.26948263000,105811.92542950000
-137946.77000982600,102994.20639661500
-137336.86824344100,98794.64939478450
-137028.22053339900,101842.16047444100
-135653.32895153300,101104.07703338000
-134136.53319650100,101050.60691785100
-133048.31375869200,102075.02856601000
-133345.31535075400,102864.4202450350
-133726.18517238000,100916.64968503500
-134503.55557306700,104958.97074173000
-135271.01245127400,106194.42446288900
-135930.01206960200,105704.87124036100
-135245.3378153140,108361.09604052400
-134453.07455120300,109166.17817279900
-132411.01584813300,104575.84612526700
-130912.35003424300,102476.4826920350
-131431.00373754900,99646.72031988790
-131782.24084577300,104899.65427374000
-131771.43545691300,102047.4516551250
-131606.85076827100,103694.39586545000
-131275.67988810800,100928.61604766900
-134661.96562145500,101109.90741230100
-135007.84311397500,101618.85243102000
-135039.81471555200,94759.02587275080
-135657.24590467100,96419.48255616620
-136410.82181788400,103374.20889662900
-136226.17792187000,101088.98802224600
-135238.927166412,103624.58283571500
-135538.24990738600,102265.0018817350
-136339.81200263200,96515.71264529430
-137529.33825705000,93351.85229000860
-139058.29470283400,94186.32306340790
-137757.23285667500,91573.62445534780
-138943.87613163000,97204.82069644440
-139036.86250998400,100649.96110968200
-137821.96720889100,97809.41206167270
-136484.6053314450,102464.60979939200
-137648.0334463650,100469.64997877600
-137104.05781105700,94723.49031962800
-136361.74746870300,91252.22023390460
-137750.55495715800,95085.77623649690
-136249.8216923890,93875.00360180020
-137216.71502291500,88945.43669321250
-135234.0336393430,89496.6561155488
-135030.93146141700,79065.20667461290
-135662.1808652470,80267.22144734710
-134642.56121008600,76623.09952391500
-134960.78085506300,76020.4689134442
-136235.57619955100,70677.43956851510
-137548.52333984200,67601.38907782610
-138029.363863751,66193.45757147690
-139177.92943264100,69625.86607340970
-139305.25381873900,68338.10361317530
-139286.00520884100,67608.76251102480
-138375.79387506700,70628.69017874160
-137429.99031632800,75080.67057830920
-138847.5258922100,84065.7976592494
-140505.03211055200,86081.59911590690
-143535.93691047500,84252.87180152400
-142703.0322953140,87453.55931554190
-143483.70566474700,88129.24806262840
-142373.37040190800,96732.53326617660
-140989.16423404200,94189.79092672040
-139522.164978416,98011.68527582920
-137868.57955176700,95509.20463375220
-137843.46576974500,94465.18924200420
-134123.69240927000,83388.19316130780
-132322.95031660600,77153.98557665160
-131551.2751946830,78383.18427748840
-133165.09772683800,78775.64830566400
-133207.89232064500,78945.96235956570
-132155.11517656600,79543.44132806930
-132769.31216568600,84335.90653137180
-133289.97320510800,80590.882471891
-133237.3758340210,78663.52250505700
-134164.76078407000,73791.92247596310
-133535.99387628800,74089.92933010020
-132493.1888117140,75175.8802350302
-132640.79929198400,75244.94923461580
-132750.3265643950,76299.95880664630
-132717.6989369060,73175.66143475470
-133184.4434144460,74853.26443684740
-131625.82573357400,77284.42695963160
-131118.61798837600,74011.43589707230
-132764.02292480200,70155.32643547260
-132135.60628983400,73049.54094050420
-133290.55505284800,75531.6644556839
-133741.25666387400,68200.34001552410
-133912.2668462260,68888.74896332230
-134261.90504557900,65745.92743253070
-135411.32293044600,61260.164792341100
-134742.30755177200,65523.16022072950
-134203.16542909300,66067.0444480083
-132229.6122322870,68004.27589465950
-132638.3524945350,73851.02128940580
-132565.93041182900,73162.66872466360
-133728.54380910200,72956.32543224160
-133265.11202552800,68280.88615008600
-131786.2149957390,72922.79278242660
-130587.46476291100,73361.29128768570
-131461.4618751860,71833.20853302780
-131902.87826743600,66722.21374155650
-133053.73884173500,66581.87693869610
-132710.04725781900,65910.84698771170
-131272.43548257100,64002.885857667100
-130038.08914849400,66361.63345741180
-129358.77230236900,61578.68101327260
-128687.00414744800,64286.62068872970
-127919.69119619700,63473.50162173660
-128569.37119571400,60993.42291144080
-129815.34659486300,56156.19222408890
-129940.6432094710,50449.840628862300
-129392.57772926100,50891.967954826800
-128779.49428180600,54308.04787335940
-127935.51230897000,52111.719813705300
-127277.43149586400,49464.50230443110
-128427.03651007300,48142.94472969570
-129170.44653606500,48039.2934479214
-129460.67172035600,42045.61293191790
-131642.85620714200,38279.28652686590
-131126.184827208,42239.53240205000
-132474.50283754500,39906.029907826900
-130332.85387383400,34900.90855458750
-127870.89659300900,32889.44753158950
-127170.9998199500,35621.68513606480
-125618.46798499200,37057.58573021440
-125830.18785594900,43966.04613193240
-124429.35906328700,41029.60361637930
-125270.34140210600,38178.470776968600
-125799.27938779200,40557.97555428360
-126121.19776075700,26322.668406409700
-124528.93300490500,19850.278696999500
-123185.99458669400,16457.792372542700
-122709.82581718300,16075.525972770100
-122459.74322313300,23086.28129194610
-122328.36921352500,15951.358751995800
-122557.80896262600,13679.99488303660
-124055.7157444940,11321.10966259600
-123196.70714805800,14154.058673851800
-121881.90734528300,16085.230661647400
-123058.67291460700,17136.547122452500
-123805.87176750500,17993.231346173700
-123515.3338197260,16379.197492867800
-124060.40917233600,14464.18656308300
-124860.83794406300,11720.921067099900
-126183.79459917400,21262.483567360600
-123704.20074781800,26767.092518529900
-123290.49321167800,20895.17915849540
-122742.15043311500,27308.721091206900
-122115.81070610800,31549.545623737400
-122377.6797839840,30084.579226095500
-121293.18538219600,29387.023857625700
-121276.92053202200,19589.695528062600
-121769.61791830300,9621.16100489546
-120839.42658742900,10705.693024776600
-121217.98546061600,2440.3604718637700
-122211.83578982500,4968.730582449350
-122478.0774291040,-2692.9264741161600
-123667.24240916300,-1445.8319116944900
-124223.23771291800,7648.012858015140
-124186.7702971570,14597.525577205500
-122328.00252641100,18259.14526409750
-121730.4392098610,12172.228741179700
-119986.27990977500,11839.381228311000
-120395.72356784100,9566.123250709380
-120400.71417003900,8359.023069699060
-119408.81117126200,6276.810525484620
-120148.78274586400,9052.49127094145
-120273.57248885400,11171.035403868200
-118215.11869753900,8843.630059274850
-118660.67513399900,4127.58556444163
-118516.21935447700,3156.440459917180
-118666.8617351760,6947.449560905340
-117807.89290704500,-989.38134466263
-117526.5348740940,-6392.867331235900
-116541.47895445000,-6866.785949821820
-118500.86604779200,-8677.957479352250
-118622.85858344500,-14103.518138665100
-118754.4383140730,-19002.2434924884
-117900.51991049400,-16216.061930593300
-118052.97233397000,-17626.63445168270
-117913.85735380600,-19917.92265557920
-117550.91759769500,-18519.74161473910
-116219.3628111750,-23838.87636783070
-117203.84403136200,-30612.445428187400
-117161.89361810700,-28713.468981491900
-118909.98448544500,-29885.810772976800
-118036.0455714080,-27965.736292728600
-117777.14540098700,-27334.193905677300
-117412.2255980790,-34103.91613794210
-117976.81020193300,-38204.128282503200
-117938.50942872000,-37222.4803050803
-118065.0771145140,-37072.10362111500
-117054.86074691000,-44735.42834729770
-116157.02277059800,-53827.14591946520
-116029.97944011200,-60191.636442287500
-117009.87504658100,-50209.69508117800
-117675.45320543300,-44256.23238018200
-116349.28687082300,-39963.37839425290
-116997.59254555400,-40849.21665787690
-116322.16804280400,-39072.27419865820
-117690.73355589400,-40792.37584881870
-118348.94069093800,-42348.70965676230
-117394.48494437400,-48040.00921813700
-117284.76274001900,-47964.20899384490
-117512.67068752900,-50141.580334491400
-117633.48685981800,-52823.812439274600
-117699.9758660490,-51723.6386552488
-117427.18972061600,-48651.45857181530
-117472.40032422400,-43437.389256933700
-117120.22021916700,-44720.3235430537
-117665.5056816760,-49482.68673517860
-118940.80808245400,-55438.664003267900
-118074.40949082500,-54720.4401745107
-118214.85270633300,-62001.61221691610
-117443.7611090030,-62748.3486929615
-117218.11971647000,-61663.979426049400
-117614.69254912000,-67929.70381498090
-116184.26948007100,-76576.48251220440
-116597.2462328020,-88251.46343712320
-115355.85620139500,-104391.97030761300
-115286.64991729400,-109274.70778986500
-115832.76139176000,-100927.72513165200
-115861.62139511700,-111371.09543116200
-115296.45034480900,-106597.04503287400
-115555.5089285450,-108669.51393977400
-115352.63770613800,-109133.57876224400
-116101.67715226900,-104205.8869376700
-116480.75171651600,-99855.72252366720
-117156.27002508300,-93254.71514088990
-116546.39057586000,-97480.58124164450
-117697.13836650400,-101180.18487991000
-118660.92186003700,-101141.64848105400
-119116.28287657700,-102579.30688809100
-118431.94082977900,-99481.24585570330
-118622.15455157000,-104335.77744178900
-118767.4800032970,-100429.99751076100
-118847.13252343200,-99666.87698499810
-119434.82835575900,-94956.85100506720
-119761.98694936800,-97483.76180107190
-120805.78193052100,-97760.12262778920
-121980.08228668300,-93337.59013649290
-121326.19618789200,-96212.8018970869
-121569.03058960400,-99169.49036408650
-121817.9665973980,-93793.76703548180
-121782.25991619200,-93758.97903813380
-122750.0983003790,-94040.71041593320
-123006.47536244700,-93036.39421118850
-122963.63212526100,-91200.89663479540
-123143.72189851700,-86265.22710238570
-123775.15697689500,-86586.69814228280
-124565.16615052400,-85428.78133489290
-125050.18146234200,-82553.90649758980
-124879.2374735020,-81830.34822200220
-123377.34639680600,-84314.69528724340
-123545.48699455800,-84553.44767182300
-123658.21216602700,-84778.33322334870
-122829.74157833300,-90722.699486856
-122692.08851589100,-90542.94316405400
-122706.62620618300,-93062.81078370680
-123555.53065652400,-86748.67570491640
-123036.88593656500,-90143.26300068240
-123312.1179011690,-85945.47330943860
-123300.7206567540,-82306.94455116140
-123522.86566535900,-86738.83797022950
-123326.68513622800,-94474.43885645700
-123116.53711155800,-91967.59719493020
-122148.58769563800,-94095.38177474330
-121284.90461365900,-94676.87626861790
-121233.49863150500,-91365.18841874410
-121745.60699841700,-100418.15403281900
-120873.48556703200,-104949.14449863500
-120645.993926506,-105767.45618324000
-120935.51755055800,-108972.99518925100
-120168.27256842800,-116093.24262529600
-120163.22834752900,-115092.9534581410
-118898.2806205910,-113544.97212280400
-118831.22111819000,-115375.81739144000
-119640.86103571000,-113153.30411545200
-119410.41393077100,-113737.16009855800
-119350.70686655200,-112306.23817888700
-119346.33684299100,-105425.47166747800
-118814.57775769200,-114038.42022008500
-118486.97005834500,-116550.2816279260
-117997.909071261,-117390.29840819500
-119090.03956115900,-122597.67389937600
-119537.12837061900,-122675.64215944500
-119086.05653129100,-130225.73438737500
-117447.72857408300,-129008.12373106200
-116324.18641907800,-134260.09258229100
-116152.74985519800,-137405.99997594000
-115108.83822523600,-146058.05466198700
-116316.4487823650,-155057.2293571550
-115438.1478556410,-147500.84088229200
-116696.57953829600,-154186.29888821700
-117103.95700277100,-151215.26680289300
-116103.8851539780,-133971.28614378800
-115676.01435335600,-129110.99745806600
-115815.906480569,-133917.82318820600
-115040.17795014300,-138916.37570047700
-114005.05512997700,-144433.05925901500
-113368.14793824400,-148204.81640312800
-113692.51736393400,-150732.98654476800
-114890.71404865700,-156707.4099042640
-114265.67339801800,-152051.13202750800
-113151.86899712400,-153123.61245086500
-111587.4148827360,-146174.09793877700
-112918.03428108200,-146654.0720438560
-111828.78592273400,-156606.53502571700
-111510.15603794200,-159651.6446838780
-112357.72815734900,-159066.1890416580
-112623.20655154100,-154396.97243947000
-113535.28584151100,-144271.66611003500
-112325.12510982400,-143446.93256012700
-109985.16849971100,-138095.56650267800
-110541.81650479300,-139158.66780847800
-113257.30610030100,-142696.9530340150
-113063.95805176600,-142121.17710472000
-116002.53223043500,-144916.01772849100
-117088.60483261500,-148594.7404340350
-117086.82505763800,-147752.3293783430
-117424.42326589600,-150389.47839191900
-116380.68964203600,-148975.21151158700
-115176.9082454390,-153741.8177498080
-116363.1106032500,-139035.72328941300
-115930.44763970400,-140740.23967362400
-116146.02420078300,-144090.42501346400
-116157.25955257100,-136041.17473416800
-116462.10494589100,-136210.14522733700
-118659.26289950900,-139502.430009919
-118386.00843939700,-137130.214526781
-116127.49678003700,-137216.83033311700
-115742.40728406100,-134454.3195204380
-116131.08676359000,-133011.49639375400
-118524.26983527900,-131667.77500205300
-117541.11722230200,-132753.19012506200
-118986.06059899300,-131356.3608159220
-117150.59413575300,-131820.44251634100
-118736.159778464,-129794.75948281400
-118106.65094933200,-120545.34548161500
-118885.60194871500,-122083.10216329500
-117966.69713345600,-124362.96099386800
-117588.01280034400,-122305.91665455500
-118146.35630669900,-124028.29867424500
-117634.52250338600,-124875.07814439800
-117683.94318726500,-130597.72221380300
-118544.02065858700,-134095.1632276270
-118592.66509736700,-130712.79661709000
-117203.96343860200,-131876.6218238840
-116016.74185240500,-139565.22363883000
-115209.83210464500,-148854.3227328350
-114750.69240420200,-149918.91581706400
-114021.33998416900,-155987.48268283300
-113516.74995936300,-147214.9218461880
-113551.35432964000,-151538.7406451500
-111567.1613650130,-153353.4075488240
-110827.32143185500,-157911.12430970900
-110318.96878913800,-160867.42206448500
-109661.25640209800,-154665.13840850000
-109455.78833759700,-158903.62679098000
-110241.70952900300,-152147.4915643710
-110441.78217929200,-151585.86808059000
-109954.26922766600,-142449.91672633900
-108928.15395849300,-139127.7228755890
-108998.30855203600,-139766.10406374700
-108688.98755382000,-133413.1104363910
-109970.92158132800,-130843.94182044900
-113225.62645026500,-129678.43534480800
-114669.0423997910,-125804.06364424800
-115398.88298176900,-123098.22424759000
-114593.4400198530,-116931.43059462300
-113379.43827819100,-120473.61510089400
-111192.6230777890,-122912.05534491000
-107702.48579194500,-118749.35575318700
-106669.78743410100,-114890.99724523100
-105694.32857084300,-113834.0226389920
-105671.76285831400,-113324.99656262400
-105491.69055486600,-113937.87490258900
-106540.96566965100,-119964.03040124700
-106256.49848112200,-119849.95132720300
-103368.60708288600,-118313.88988301100
-105951.85782935300,-106261.3872904330
-107375.92798884000,-102298.14820316400
-106720.45949536100,-100871.45003531600
-107102.99219731000,-98018.27381691760
-105806.28164262800,-99903.69935403040
-106810.16847849300,-106302.7058875970
-106868.7265666140,-103621.99698816500
-107274.89469717700,-99244.29792439830
-109800.90276030800,-98776.31801774460
-111396.99634167500,-101401.28137772800
-107500.4911834570,-106754.7074441980
-106940.59979220400,-104284.12992311500
-107447.9835540060,-103865.06164574200
-114166.18447662300,-109555.78434550700
-111630.49571384100,-106730.00200942700
-110224.98410463800,-100890.66156295400
-115157.56119725500,-107265.68372165700
-115989.36709077400,-111720.81908091100
-113631.93191569600,-116567.65819834700
-109347.59586307900,-127635.3810920320
-109357.90788809000,-126496.03603754700
-111014.77627221700,-118468.09286968700
-113117.59931673200,-118532.83026863000
-110767.27203274100,-112989.93329472500
-109590.08805737400,-106182.24412317400
-109852.27839118300,-113512.25066622000
-107712.05525847100,-108734.14090199500
-109369.63021950400,-106233.9319630280
-110640.64960079000,-103523.71698744200
-110902.00464476700,-98739.206634779
-111111.50354598400,-106421.34196217700
-112465.95436611400,-108432.25280689700
-112697.12175036800,-112868.60337602900
-113392.06711892700,-110303.85764884100
-117655.8369160030,-115244.87484225100
-115696.32095784100,-110896.71755076100
-115226.23646727700,-109515.48495975100
-112052.47045861100,-111926.28682355900
-114348.14548583200,-117625.63352537100
-117565.91501619800,-115703.71855994
-118246.61121311100,-112339.099875569
-118303.02258200400,-106866.63650517600
-123102.07315277900,-104698.94445643700
-122433.98408999500,-109563.51048771400
-120934.06727757100,-103366.83099298900
-121779.67528474100,-95829.76981508480
-123650.51735561000,-97323.97739438210
-122148.51971144000,-98116.89043388090
-124826.28908783500,-91376.9425288596
-129218.04548378400,-91245.42445864100
-126186.44047499400,-93902.12069705510
-127318.51540212500,-90368.98692888600
-125210.4570477540,-89048.06937285180
-126029.0603099540,-91051.92559784030
-129358.81417215100,-87883.2124479533
-130255.78338365300,-81171.28527781400
-128834.07083779500,-82241.86644927590
-129300.6963298030,-82583.68112658510
-131845.94206546600,-82678.6333709046
-135778.2326156060,-75844.67971761840
-138094.9916175960,-71085.44217962820
-135275.2048517410,-69413.71892128860
-136377.2019532800,-70166.25452606030
-131033.22626129500,-69965.0583901148
-130956.8929719160,-65050.16410288300
-131248.3963676970,-58415.81166112710
-134396.18090374500,-48362.9493443782
-137899.82202354300,-49936.69210931520
-136422.4497558690,-54339.021697624900
-136453.84266280900,-58898.40745002500
-136202.0070096100,-64353.54660393930
-138372.2201878130,-64094.14729081040
-135683.13705162000,-64300.21482587110
-133880.6766624200,-59446.01973380910
-131585.87220138200,-58110.57041817750
-136064.5311131490,-60015.37124576680
-138496.11117492600,-63831.01850181210
-138352.34466418800,-63817.832686179400
-140985.80268018600,-66464.66578011410
-143251.28536621700,-66676.88774961060
-143717.7052832510,-70127.1946122502
-142798.88262668300,-66234.85961196500
-145973.07567294400,-59900.95331057760
-149681.54999564800,-51852.83282666670
-153147.48651888500,-53712.43649886370
-159527.1462763960,-47994.00472224880
-162401.16750590900,-50138.13196909280
-160239.4823049800,-52859.05601281350
-166942.64136783600,-45631.72719911000
-163379.5716968790,-36057.49793614490
-163775.17299997300,-27845.839286313400
-163133.0488075970,-10138.88530047200
-159916.0852063180,-3480.883059577320
-151445.80821533800,-10530.543780600500
-151749.56400522200,-4349.724064840350
-153098.35641921000,-6689.527117042450
-157185.18754478,-7708.459981067570
-154973.40942801800,-12270.087173835300
-150052.52533867400,-14726.279373198600
-145122.58865419700,-21341.000992257800
-147082.21966870200,-27358.723864472600
-142337.35485380900,-20451.070530631300
-138597.66329341500,-19693.668468423700
-140679.40586285100,-17482.81117347590
-141163.42461299900,-16570.48085173590
-139449.49293122100,-22807.693244264700
-136438.36830955300,-18503.87114919890
-139879.15536584000,-36277.51375185900
-141150.51300429900,-40859.294324897700
-138577.92140043200,-43493.449504941900
-141839.51029711400,-39315.38920696760
-141698.9897140790,-35178.51764672810
-140629.1019088510,-34336.97957156530
-141222.8368937360,-33621.37300030830
-134891.9322814770,-30332.194325011200
-135658.394079534,-30518.678665822400
-131618.15539842200,-24183.721778024300
-130288.0468808940,-30706.175734684300
-123986.90706315200,-31904.33299594940
-123617.78072107800,-34725.09732328950
-125519.3622544420,-41852.15756935180
-124438.5287466880,-42033.254731077
-127501.62380162000,-43481.68803521000
-126852.38313942000,-46780.40257590860
-129582.8486292240,-46357.361496958400
-126747.26341087800,-47327.275915022500
-128040.39393007800,-52985.26697827860
-126587.40367225400,-57052.284534735600
-125450.2070657700,-50829.18293322040
-126465.61290393100,-53421.48543618180
-130511.8251628970,-45849.346687855300
-130993.9343090470,-53220.85984379230
-140479.4271924200,-50803.21232477060
-141241.6008756060,-59627.5242799609
-138588.78970330900,-64052.74428641960
-144299.0854190830,-65384.14098253790
-148067.8200090870,-58803.07101079360
-148509.6225534320,-64163.92799057260
-151569.69669304000,-60926.09192412100
-151741.87110967600,-63171.7010659487
-149737.48012665300,-64671.12863984410
-151518.60702602700,-46683.774696184900
-151705.0684065670,-43658.31001269520
-150814.33129994200,-40225.075246838700
-151903.22591132100,-34450.75446972760
-153786.9013558250,-23288.369047872400
-152327.30945433200,-26780.548729689100
-157437.9276423500,-21336.51643970180
-158229.8398447030,-21778.5607169749
-159257.72682490100,-26137.832083021200
-162833.08867854500,-25746.824456789400
-162236.30725956300,-30551.059352139900
-166931.53066763600,-34749.15603350290
-166098.3176142900,-23296.160409010700
-169105.58245135100,-22664.123139309100
-171215.83792837100,-19793.624098638100
-173726.31697537700,-16075.525406648500
-175239.75735900700,-9449.813949584380
-173215.82191467600,-5054.30708461802
-177065.4147176260,-10612.264190797700
-174724.57234497500,-2280.907929951330
-170355.8079276840,5912.178841741410
-165544.65091732900,8885.373441736560
-167668.74591168900,17394.049603587500
-170536.04819547800,6660.302529335020
-175087.79018467100,12316.83437479790
-175209.2844039580,6838.951891555570
-178795.56163815200,-9816.809996994210
-178876.2570858310,-11270.768082779100
-177412.88498586300,-6783.338858518870
-177131.54079924800,-11989.880381432000
-175614.14023012000,-821.2592749414030
-175518.459915317,4723.284274763540
-178708.46626713500,9239.86734456534
-180835.66740084700,17342.31878320770
-179403.47138708700,18975.16855014760
-176382.796624429,25686.438460523300
-173050.258747354,12972.721850361700
-173376.70491402600,9776.197595467210
-170480.94995027100,15235.793315319600
-169483.9875312970,13104.586401068400
-171083.05633747200,6404.46535339742
-170751.98186500000,-4199.8661984563800
-172592.71633633000,-17952.619093410200
-175668.55707031100,-18845.78020674880
-176526.57410341500,-22191.342413924100
-178020.94325617300,-28353.987996982300
-177875.1168313190,-24977.46749405910
-179099.62198007100,-28479.94883163160
-171806.02947628400,-22570.925124568600
-172721.76105972000,-12196.721222929700
-172536.97902676700,-6928.675847025590
-172099.75271866100,2759.748190489710
-171719.6093480500,5373.104714239020
-171855.91614726500,527.1342273998310
-171009.22745179700,-16653.375075533100
-169711.2348813780,-11442.835070757400
-169748.3914850860,-11382.044413620800
-169422.8326922140,-16538.57459007770
-167052.02985531100,-16962.480149554900
-169851.72780480200,-2662.8421396556100
-171500.78310153700,-7428.368362313950
-169676.3665712170,-7451.100373378610
-167888.56208734900,-8374.12281918968
-165541.4096938740,-11020.873358800400
-166577.99795424200,-15762.323205748200
-168825.8278031010,-8741.914261852510
-168224.89709228700,-6720.030865197190
-167787.25177411200,-9173.56136804982
-168350.26591795100,-9668.472734093080
-171245.15617903600,-14163.09955104070
-170155.18351458300,-9235.244667129010
-169199.283220666,-5136.844282525360
-171024.52992802600,3360.1434103430900
-174587.64770951200,2396.8373508421900
-181163.42765937100,8575.806606633820
-181573.35363392400,15406.027263478000
-183915.8209852530,15213.822901911200
-182780.25020585200,7659.1783600397200
-185720.3431212700,9907.435786444110
-186429.77379207500,23255.681831328300
-187323.5539067860,39319.99220945630
-188012.68115074400,50774.208196783900
-187044.28357367200,60981.56121754590
-188076.8842267270,53214.76795213240
-182753.43317035800,60389.67258264780
-184815.77479727000,62362.458556756100
-182458.71523128800,69005.14233632110
-182883.4888468290,71881.09151263280
-183113.52104973200,70921.12760424250
-180431.96039562400,74215.81803889930
-178978.18031638500,62709.37095793870
-177988.18952677200,63975.044375079000
-178032.32943172100,52361.57751765600
-177674.18656114500,47743.94251303620
-175711.17570483600,48187.21036968000
-177217.98274453800,42260.60200349560
-178595.2992851900,35849.883093032100
-178855.615964567,35907.07033782880
-179140.1250166730,34387.42976235670
-177206.56652066100,34978.53454126310
-178005.62449444900,30791.613553837800
-179020.94140918900,33355.10542882400
-181474.7011507460,29920.916159080500
-179902.4110971450,29365.43294901300
-180141.40258986300,29176.488418640300
-176242.06000641500,33179.019424346300
-176738.21129127100,30047.91457988350
-178521.0253467270,30235.031937136700
-178361.7577980790,41003.20296835490
-180562.97236816900,38417.69387125860
-179748.58365062400,42091.1185326071
-180929.1797435090,23016.391160457400
-181249.41442808500,33245.45071873590
-182791.43300194000,40164.29438694610
-183178.01386599300,35510.04735887350
-185596.1144894150,33942.08772203120
-184385.45069992100,37011.57704225820
-184169.31463889300,40545.13480873510
-188594.010140109,36475.712184018100
-187645.86009084800,36873.1380079356
-186514.73513804800,41304.71091128840
-189213.8343307690,39015.3857907441
-189593.82380598400,42145.40006928790
-193177.3560433740,46055.724297642500
-193905.24702430600,53261.734367419600
-193447.51924631200,52806.78149626920
-192016.29800067100,47911.9807285351
-194189.98699277300,50942.043161112800
-192859.8323384400,55170.47091497730
-192706.0734322990,59322.58312222470
-193848.75663631100,63211.63158395180
-190949.93619729100,61466.785109379100
-184280.49316182900,53528.30240012120
-189254.43224096500,55998.541125902900
-181247.8784390340,62165.42620462390
-181316.05737026100,59584.79040931560
-180192.59685976700,67134.95622411320
-178900.8408716630,68396.750247158
-182205.74695199800,69351.5001269572
-186494.97877253500,73365.46408203410
-183142.4052161500,63365.02487532150
-178682.81958710100,66596.412642312
-182524.7311453740,64269.74270299690
-183040.0694194810,60721.192655506200
-183296.6513699290,59694.54192694450
-185170.647479259,65629.20538453480
-182823.39892850200,64727.382701951900
-182312.76416789800,65239.86294173590
-183676.11064912300,72358.03712066650
-180562.3400318490,81488.03229174660
-179268.542731834,73872.74009807860
-182667.3092317990,72407.79942358330
-184611.40430524200,69084.84106958400
-184168.28320073800,66299.21812804920
-185237.24319925400,59900.762469347900
-185662.19705031000,57637.96207941750
-185738.77495774800,56008.26926336720
-187200.09685226600,57516.1748204747
-186935.08718678900,59025.16825526880
-187131.3985302080,60979.71800760050
-187732.016071265,56208.411216093000
-186303.77340034600,55770.49991635940
-185586.36872493900,57761.95605591280
-186084.00616884600,54354.28351439680
-183868.87391862200,48717.54191614830
-184394.24988096800,50201.96423197650
-182203.44117808700,49755.56500529210
-182545.8058047390,46098.06277417110
-181208.6939438530,52994.3104715806
-182264.89768617400,54700.796121325000
-182183.74848655700,42705.91297742100
-180907.72924142400,41519.5244144419
-178952.81459921600,48491.54554314400
-179704.7110086720,52318.161658896700
-180632.47668487300,46346.93817610880
-181568.1764536650,53445.05001999920
-181227.64487873400,60260.32780808020
-182171.1733996770,59704.19199931770
-184117.14220322200,60432.55036553360
-184014.7821094360,61026.78875138130
-185823.10194737000,60341.118521958700
-185147.73924041200,63278.24456545830
-185962.68409993300,61685.94841074730
-185948.22298214800,64689.50113688610
-184689.94722520600,72873.92821424580
-182833.65387305100,72577.08778852700
-180397.00734147900,70138.0598671399
-179496.61833543900,73787.45834884190
-179566.72167784300,76494.69820122510
-181963.1369506630,74640.81642405750
-180617.9578459390,66159.82399790050
-182075.27126354000,63481.78195904140
-182450.22813079300,62403.33457323830
-182493.3096497300,58202.08338005540
-181307.88724405100,47389.9572416069
-181995.62723916900,51195.01346730100
-183581.6620655390,52662.54165548790
-183740.0421551890,60575.270653930700
-184805.04426920200,61581.43882852230
-185951.3549469470,62487.49398350930
-184972.4438219110,59282.41030079530
-185774.41757373900,56198.05923435490
-186868.49475035900,55535.98998203550
-183766.73545735100,55304.32872634420
-184131.49473020000,59199.56927745730
-183135.17048309200,63510.32342071900
-183568.8155207110,64320.4484904689
-184354.50607871800,65616.33660971200
-184824.33310433400,72198.98588660700
-184552.77007452000,68194.28864623610
-185189.05968767600,68765.68156862910
-185099.32734700800,68861.12376064920
-189371.83620435800,64792.22345122440
-190394.08473404900,69277.47804154290
-190915.82422615300,61791.10821568540
-190658.1027897940,61410.91626781270
-190117.79009431900,57982.594292418900
-187198.9534353480,56370.93061766590
-186288.19048066800,69942.98504993350
-186484.57107758000,76161.06512118990
-183209.7795652800,76279.5654628881
-183015.74120043600,76685.02566288050
-185597.94504630300,69806.3085179656
-184261.0434772480,62461.86183220740
-183603.6456281500,70256.37949177830
-182854.33520014600,74236.10401541800
-184554.58633034100,67867.65916228570
-182858.9769115480,63775.71743314040
-183213.0604687560,70669.30418243520
-182947.54465750600,65617.8587606817
-183174.9331332990,62642.76334814160
-183888.83318301800,58158.810385435900
-185542.2713096950,60667.855951568000
-187346.63922664400,61479.711857379400
-185887.6440528690,55639.92655853570
-183288.28721853300,53664.99583405200
-184964.77015101600,61202.02647798940
-185298.742464757,68205.69897569330
-187268.27589997700,72331.62485505730
-186989.07918006800,77094.89258892760
-189626.70678553500,76883.37353188410
-189460.19661851300,68535.79576214930
-190708.10912334300,58512.438604997000
-189233.30422655800,61663.73576790080
-190121.2454953230,65135.49684052500
-189655.96652807400,67851.99555018680
-185395.68218078300,77703.94708457510
-186764.38510754400,78012.4390783715
-186729.78704673800,88613.2859668081
-186628.6364209380,89128.398369667
-186185.25961528500,94797.90899799070
-185363.32618097000,91792.58137459370
-184242.840945549,83735.01236753240
-184544.98855085800,86979.26184146600
-184912.40035237600,88422.96906467600
-185246.56933028400,84655.59867566780
-186421.82817565700,82313.3219574528
-187959.71761064200,82598.61356509830
-187436.56402791900,75908.69916807670
-186732.4521931250,79047.80682640850
-187239.41872830300,79310.22459595160
-187958.07740692900,83484.05184923140
-186085.21188100700,85286.35175085460
-187825.69077975500,82573.28836207770
-189660.83284421900,83593.54791182580
-190408.31677051700,84796.1077191343
-190368.7581433840,84271.53525421450
-192173.61478452200,87995.17819240540
-191860.50326905600,83448.74553862560
-192194.43278114400,91987.47148399110
-193297.55637839400,96526.6675962134
-192564.66698973300,99723.92831027570
-196134.80469415200,99524.76776362750
-193176.78714730700,104283.1343386900
-193848.40986290800,101631.79163588200
-195363.18035371900,107986.44690655700
-195894.14434140000,110860.92652190100
-194768.0132784080,116069.50599410700
-194250.9501190000,121879.23483680700
-192322.95704386900,112360.04304772600
-191717.8423598070,119252.41468708100
-190086.3949906200,130634.99164031700
-190619.0837270730,128461.97653356300
-192145.50786906000,130824.0773058890
-191341.8028705150,126906.30443545500
-192967.47922832400,120166.98846275600
-194052.25750169900,113469.86558144500
-196626.90872041300,104426.55648084300
-196142.1881213220,109556.09793274300
-197334.16945040500,111822.0731180680
-195039.70433276800,112238.50941043300
-196191.97006273000,118820.45421900500
-196137.81509090800,127368.38279757000
-196453.56744352400,135764.02358997300
-196122.84894192300,140543.7409294490
-193926.28140440400,140096.82197518100
-192665.57659696100,136514.53343152900
-190389.55959845400,136105.05599732700
-190825.68748742400,133012.23094824300
-189651.0406410060,131275.70751590900
-189081.69314413600,132682.71929527800
-189574.17444161700,125486.77600585000